,timestamp,actions_heatpump_operation_modus,actions_heatpump_compression_states,actions_heatpump_temp_setpoint,actions_heatpump_flow_setpoint,actions_battery_system_status,actions_battery_real_power,actions_battery_reactive_power,actions_battery_reason,actions_chargingstation_totalpower,actions_reset_heatpump_timer,actions_distr_heat_temp_sp,costs_discounted_cost_calculated,costs_pv,costs_battery,costs_base_cs,costs_grid_cs,costs_cs_cost_calculated,costs_base_el,costs_grid_el,costs_grid_only_solar,costs_el_cost_calculated,costs_savings_calculated,costs_el_savings,costs_cs_savings,costs_el_savings_wout_battery,costs_heat_cost_calculated,battery_state_of_charge,battery_battery_status,battery_battery_operating_status,battery_system_status,battery_power,pv_1_power,electricity_demand_total_load,electricity_demand_heatpump_load,price_price
2023-01-01 00:00:00,1672527600.0,off,{1: 1},55.0,2.0,operating,-50000.0,0.0,price forecast,,,,True,0.10971010152863336,0.12548482774355463,0.0,0.0,True,0.46569632556437246,1.5594463255643725,0.46569632556437246,True,True,-1.3289449292721882,-0.10971010152863336,-0.10971010152863336,,20.0,operating,discharging,operating,-50000.0,0.0,21288.974882942748,0.0,8.2e-05
2023-01-01 00:15:00,1672532100.0,off,{1: 1},55.0,2.0,operating,20846.75564416334,-0.0,load coverage,0.0,False,55.0,True,0.10971010152863336,0.12548482774355463,0.0,0.0,True,0.456022779716073,0.0,0.456022779716073,True,True,0.22082785044388503,-0.10971010152863336,-0.10971010152863342,False,25.015625,operating,charging,operating,-50000.0,0.0,20846.75564416334,,8.2e-05
2023-01-01 00:30:00,1672533000.0,off,{1: 1},55.0,2.0,operating,20423.362531229966,-0.0,load coverage,0.0,False,55.0,True,0.10971010152863336,0.12548482774355463,0.0,0.0,True,0.4467610553706555,0.0,0.4467610553706555,True,True,0.21156612609846753,-0.10971010152863336,-0.10971010152863331,False,22.76065402776011,operating,discharging,operating,20846.75564416334,0.0,20423.362531229966,0.0,8.2e-05
2023-01-01 00:45:00,1672533900.0,off,{1: 1},55.0,2.0,operating,5294.217886403646,-0.0,load coverage,0.0,False,55.0,True,0.10971010152863336,0.12548482774355463,0.0,0.0,True,0.4371206878381102,0.3213096715730304,0.4371206878381102,True,True,-0.11938391300710816,-0.10971010152863336,-0.10971010152863336,False,20.551481029833713,operating,discharging,operating,20423.362531229966,0.0,19982.660015456466,0.0,8.2e-05
2023-01-01 01:00:00,1672534800.0,off,{1: 1},55.0,2.0,operating,-50000.0,0.0,price forecast,0.0,False,55.0,True,0.10971010152863336,0.12548482774355463,0.0,0.0,True,0.429803918973093,1.523553918973093,0.429803918973093,True,True,-1.328944929272188,-0.10971010152863336,-0.10971010152863336,False,20.0,operating,discharging,operating,5294.217886403646,0.0,19648.179153055684,0.0,6.709999999999999e-05
2023-01-01 01:15:00,1672535700.0,off,{1: 1},55.0,2.0,operating,19217.07561029804,-0.0,load coverage,0.0,False,55.0,True,0.10971010152863336,0.12548482774355463,0.0,0.0,True,0.42037352897526964,0.0,0.42037352897526964,True,True,0.18517859970308165,-0.10971010152863336,-0.10971010152863331,False,25.015625,operating,charging,operating,-50000.0,0.0,19217.07561029804,0.0,6.709999999999999e-05
2023-01-01 01:30:00,1672536600.0,off,{1: 1},55.0,2.0,operating,18749.787347006357,-0.0,load coverage,0.0,False,55.0,True,0.10971010152863336,0.12548482774355463,0.0,0.0,True,0.4101515982157641,0.0,0.4101515982157641,True,True,0.1749566689435761,-0.10971010152863336,-0.10971010152863336,False,22.93693475139559,operating,discharging,operating,19217.07561029804,0.0,18749.787347006357,0.0,6.709999999999999e-05
2023-01-01 01:45:00,1672537500.0,off,{1: 1},55.0,2.0,operating,8724.389452435718,-0.0,load coverage,0.0,False,55.0,True,0.10971010152863336,0.12548482774355463,0.0,0.0,True,0.40110425888239226,0.21025823961036094,0.40110425888239226,True,True,-0.04434891000015667,-0.10971010152863336,-0.10971010152863331,False,20.908790567962054,operating,discharging,operating,18749.787347006357,0.0,18336.194691766505,0.0,6.709999999999999e-05
2023-01-01 02:00:00,1672538400.0,off,{1: 1},55.0,2.0,operating,-50000.0,0.0,price forecast,0.0,False,55.0,True,0.10971010152863336,0.12548482774355463,0.0,0.0,True,0.3900721990736657,1.4838221990736657,0.3900721990736657,True,True,-1.3289449292721882,-0.10971010152863336,-0.10971010152863336,False,20.0,operating,discharging,operating,8724.389452435718,0.0,17831.871957653297,0.0,7.51e-05
2023-01-01 02:15:00,1672539300.0,off,{1: 1},55.0,2.0,operating,17412.800903605472,-0.0,load coverage,0.0,False,55.0,True,0.10971010152863336,0.12548482774355463,0.0,0.0,True,0.3809050197663697,0.0,0.3809050197663697,True,True,0.1457100904941817,-0.10971010152863336,-0.10971010152863336,False,25.015625,operating,charging,operating,-50000.0,0.0,17412.800903605472,0.0,7.51e-05
2023-01-01 02:30:00,1672540200.0,off,{1: 1},55.0,2.0,operating,17006.068852519937,-0.0,load coverage,0.0,False,55.0,True,0.10971010152863336,0.12548482774355463,0.0,0.0,True,0.3720077561488736,0.0,0.3720077561488736,True,True,0.1368128268766856,-0.10971010152863336,-0.10971010152863336,False,23.13210119163146,operating,discharging,operating,17412.800903605472,0.0,17006.068852519937,0.0,7.51e-05
2023-01-01 02:45:00,1672541100.0,off,{1: 1},55.0,2.0,operating,12408.702226245668,-0.0,load coverage,0.0,False,55.0,True,0.10971010152863336,0.12548482774355463,0.0,0.0,True,0.36360661195393346,0.09216625075480946,0.36360661195393346,True,True,0.03624543192693602,-0.10971010152863336,-0.10971010152863336,False,21.292573148567257,operating,discharging,operating,17006.068852519937,0.0,16622.01654646553,0.0,7.51e-05
2023-01-01 03:00:00,1672542000.0,off,{1: 1},55.0,2.0,operating,-50000.0,0.0,price forecast,0.0,False,55.0,True,0.10971010152863336,0.12548482774355463,0.0,0.0,True,0.35495496393835135,1.4487049639383514,0.35495496393835135,True,True,-1.3289449292721882,-0.10971010152863336,-0.10971010152863336,False,20.0,operating,discharging,operating,12408.702226245668,0.0,16226.51263718178,0.0,5.09e-05
2023-01-01 03:15:00,1672542900.0,off,{1: 1},55.0,2.0,operating,-50000.0,0.0,price forecast,0.0,False,55.0,True,0.10971010152863336,0.12548482774355463,0.0,0.0,True,0.34807291010271385,1.4418229101027138,0.34807291010271385,True,True,-1.328944929272188,-0.10971010152863336,-0.10971010152863336,False,25.015625,operating,charging,operating,-50000.0,0.0,15911.90446183835,0.0,5.09e-05
2023-01-01 03:30:00,1672543800.0,off,{1: 1},55.0,2.0,operating,-50000.0,0.0,price forecast,0.0,False,55.0,True,0.10971010152863336,0.12548482774355463,0.0,0.0,True,0.34307962864342006,1.4368296286434201,0.34307962864342006,True,True,-1.3289449292721882,-0.10971010152863336,-0.10971010152863336,False,30.03125,operating,charging,operating,-50000.0,0.0,15683.64016655634,0.0,5.09e-05
2023-01-01 03:45:00,1672544700.0,off,{1: 1},55.0,2.0,operating,-50000.0,0.0,price forecast,0.0,False,55.0,True,0.10971010152863336,0.12548482774355463,0.0,0.0,True,0.33866974825604546,1.4324197482560455,0.33866974825604546,True,True,-1.328944929272188,-0.10971010152863336,-0.10971010152863336,False,35.046875,operating,charging,operating,-50000.0,0.0,15482.045634562077,0.0,5.09e-05
2023-01-01 04:00:00,1672545600.0,off,{1: 1},55.0,2.0,operating,-50000.0,0.0,price forecast,0.0,False,55.0,True,0.10971010152863336,0.12548482774355463,0.0,0.0,True,0.3342448409429003,1.4279948409429002,0.3342448409429003,True,True,-1.328944929272188,-0.10971010152863336,-0.10971010152863336,False,40.0625,operating,charging,operating,-50000.0,0.0,15279.764157389724,0.0,3.77e-05
2023-01-01 04:15:00,1672546500.0,off,{1: 1},55.0,2.0,operating,-50000.0,0.0,price forecast,0.0,False,55.0,True,0.10971010152863336,0.12548482774355463,0.0,0.0,True,0.33160190801602496,1.425351908016025,0.33160190801602496,True,True,-1.328944929272188,-0.10971010152863336,-0.10971010152863336,False,45.078125,operating,charging,operating,-50000.0,0.0,15158.944366446853,0.0,3.77e-05
2023-01-01 04:30:00,1672547400.0,off,{1: 1},55.0,2.0,operating,-50000.0,0.0,price forecast,0.0,False,55.0,True,0.10971010152863336,0.12548482774355463,0.0,0.0,True,0.32883950004785417,1.4225895000478541,0.32883950004785417,True,True,-1.328944929272188,-0.10971010152863336,-0.10971010152863336,False,50.09375,operating,charging,operating,-50000.0,0.0,15032.662859330476,0.0,3.77e-05
2023-01-01 04:45:00,1672548300.0,off,{1: 1},55.0,2.0,operating,-50000.0,0.0,price forecast,0.0,False,55.0,True,0.10971010152863336,0.12548482774355463,0.0,0.0,True,0.3277334554702282,1.4214834554702283,0.3277334554702282,True,True,-1.3289449292721882,-0.10971010152863336,-0.10971010152863336,False,55.109375,operating,charging,operating,-50000.0,0.0,14982.100821496148,0.0,3.77e-05
2023-01-01 05:00:00,1672549200.0,off,{1: 1},55.0,2.0,operating,-50000.0,0.0,price forecast,0.0,False,55.0,True,0.10971010152863336,0.12548482774355463,0.0,0.0,True,0.32783150250535087,1.4215815025053509,0.32783150250535087,True,True,-1.328944929272188,-0.10971010152863336,-0.10971010152863336,False,60.125,operating,charging,operating,-50000.0,0.0,14986.582971673186,0.0,3.97e-05
2023-01-01 05:15:00,1672550100.0,off,{1: 1},55.0,2.0,operating,-50000.0,0.0,price forecast,0.0,False,55.0,True,0.10971010152863336,0.12548482774355463,0.0,0.0,True,0.3273852085388344,1.4211352085388345,0.3273852085388344,True,True,-1.3289449292721882,-0.10971010152863336,-0.10971010152863336,False,65.140625,operating,charging,operating,-50000.0,0.0,14966.180961775284,0.0,3.97e-05
2023-01-01 05:30:00,1672551000.0,off,{1: 1},55.0,2.0,operating,-50000.0,0.0,price forecast,0.0,False,55.0,True,0.10971010152863336,0.12548482774355463,0.0,0.0,True,0.32763590465268355,1.4213859046526836,0.32763590465268355,True,True,-1.3289449292721882,-0.10971010152863336,-0.10971010152863336,False,70.15625,operating,charging,operating,-50000.0,0.0,14977.64135555125,0.0,3.97e-05
2023-01-01 05:45:00,1672551900.0,off,{1: 1},55.0,2.0,operating,-50000.0,0.0,price forecast,0.0,False,55.0,True,0.10971010152863336,0.12548482774355463,0.0,0.0,True,0.32668971596538376,1.4204397159653839,0.32668971596538376,True,True,-1.328944929272188,-0.10971010152863336,-0.10971010152863336,False,75.171875,operating,charging,operating,-50000.0,0.0,14934.387015560402,0.0,3.97e-05
2023-01-01 06:00:00,1672552800.0,off,{1: 1},55.0,2.0,operating,-50000.0,0.0,price forecast,0.0,False,55.0,True,0.10971010152863336,0.12548482774355463,0.0,0.0,True,0.3268715665040945,1.4206215665040944,0.3268715665040945,True,True,-1.328944929272188,-0.10971010152863336,-0.10971010152863336,False,80.1875,operating,charging,operating,-50000.0,0.0,14942.70018304432,0.0,4.06e-05
2023-01-01 06:15:00,1672553700.0,off,{1: 1},55.0,2.0,operating,-50000.0,0.0,price forecast,0.0,False,55.0,True,0.10971010152863336,0.12548482774355463,0.0,0.0,True,0.3292838493091903,1.4230338493091903,0.3292838493091903,True,True,-1.328944929272188,-0.10971010152863336,-0.10971010152863336,False,85.203125,operating,charging,operating,-50000.0,0.0,15052.975968420127,0.0,4.06e-05
2023-01-01 06:30:00,1672554600.0,off,{1: 1},55.0,2.0,operating,-50000.0,0.0,price forecast,0.0,False,55.0,True,0.10971010152863336,0.12548482774355463,0.0,0.0,True,0.3309123216822916,1.4246623216822916,0.3309123216822916,True,True,-1.328944929272188,-0.10971010152863336,-0.10971010152863336,False,90.21875,operating,charging,operating,-50000.0,0.0,15127.420419761906,0.0,4.06e-05
2023-01-01 06:45:00,1672555500.0,off,{1: 1},55.0,2.0,operating,-50000.0,0.0,price forecast,0.0,False,55.0,True,0.10971010152863336,0.12548482774355463,0.0,0.0,True,0.3340072983892649,1.427757298389265,0.3340072983892649,True,True,-1.328944929272188,-0.10971010152863336,-0.10971010152863336,False,95.234375,operating,charging,operating,-50000.0,0.0,15268.90506922354,0.0,4.06e-05
2023-01-01 07:00:00,1672556400.0,off,{1: 1},55.0,2.0,standby,0.0,0.0,no action,0.0,False,55.0,True,0.10971010152863336,0.12548482774355463,0.0,0.0,True,0.3429714587948446,0.3429714587948446,0.3429714587948446,True,True,-0.235194929272188,-0.10971010152863336,-0.10971010152863336,False,100.0,operating,charging,operating,-50000.0,0.0,15678.695259192897,0.0,4.3299999999999995e-05
2023-01-01 07:15:00,1672557300.0,off,{1: 1},55.0,2.0,standby,0.0,0.0,no action,0.0,False,55.0,True,0.10971010152863336,0.12548482774355463,0.0,0.0,True,0.3542614743230195,0.3542614743230195,0.3542614743230195,True,True,-0.23519492927218794,-0.10971010152863336,-0.10971010152863336,False,100.0,operating,standby,operating,0.0,0.0,16194.810254766608,0.0,4.3299999999999995e-05
2023-01-01 07:30:00,1672558200.0,off,{1: 1},55.0,2.0,standby,0.0,0.0,no action,0.0,False,55.0,True,0.10971010152863336,0.12548482774355463,0.0,0.0,True,0.36320428163333596,0.36320428163333596,0.36320428163333596,True,True,-0.235194929272188,-0.10971010152863336,-0.10971010152863336,False,100.0,operating,standby,operating,0.0,0.0,16603.624303238215,0.0,4.3299999999999995e-05
2023-01-01 07:45:00,1672559100.0,off,{1: 1},55.0,2.0,standby,0.0,0.0,no action,0.0,False,55.0,True,0.10971010152863336,0.12548482774355463,0.0,0.0,True,0.3653601438369319,0.3653601438369319,0.3653601438369319,True,True,-0.23519492927218794,-0.10971010152863336,-0.10971010152863336,False,100.0,operating,standby,operating,0.0,0.0,16702.17800397403,0.0,4.3299999999999995e-05
2023-01-01 08:00:00,1672560000.0,off,{1: 1},55.0,2.0,standby,0.0,0.0,no action,0.0,False,55.0,True,0.10971010152863336,0.12548482774355463,0.0,0.0,True,0.36650436069704395,0.36650436069704395,0.36650436069704395,True,True,-0.235194929272188,-0.10971010152863336,-0.10971010152863336,False,100.0,operating,standby,operating,0.0,0.0,16754.485060436295,0.0,4.97e-05
2023-01-01 08:15:00,1672560900.0,off,{1: 1},55.0,2.0,standby,0.0,0.0,no action,0.0,False,55.0,True,0.10971010152863336,0.12548482774355463,0.0,0.0,True,0.36795229997023743,0.36795229997023743,0.36795229997023743,True,True,-0.23519492927218794,-0.10971010152863336,-0.10971010152863336,False,100.0,operating,standby,operating,0.0,0.0,16820.676570067997,0.0,4.97e-05
2023-01-01 08:30:00,1672561800.0,off,{1: 1},55.0,2.0,standby,0.0,0.0,no action,0.0,False,55.0,True,0.10971010152863336,0.12548482774355463,0.0,0.0,True,0.37405275385317915,0.37405275385317915,0.37405275385317915,True,True,-0.235194929272188,-0.10971010152863336,-0.10971010152863336,False,100.0,operating,standby,operating,0.0,0.0,17099.554461859618,0.0,4.97e-05
2023-01-01 08:45:00,1672562700.0,off,{1: 1},55.0,2.0,standby,0.0,0.0,no action,0.0,False,55.0,True,0.10971010152863336,0.12548482774355463,0.0,0.0,True,0.38626317795797266,0.38626317795797266,0.38626317795797266,True,True,-0.23519492927218794,-0.10971010152863336,-0.10971010152863336,False,100.0,operating,standby,operating,0.0,0.0,17657.74527807875,0.0,4.97e-05
2023-01-01 09:00:00,1672563600.0,off,{1: 1},55.0,2.0,standby,0.0,0.0,no action,0.0,False,55.0,True,0.10971010152863336,0.12548482774355463,0.0,0.0,True,0.39334581702913457,0.3069334960335729,0.30693349603357284,True,True,-0.14878260827662632,-0.10971010152863336,-0.023297780533071633,False,100.0,operating,standby,operating,0.0,3950.277531225678,17981.52306418901,0.0,7.01e-05
2023-01-01 09:15:00,1672564500.0,off,{1: 1},55.0,2.0,standby,0.0,0.0,no action,0.0,False,55.0,True,0.10971010152863336,0.12548482774355463,0.0,0.0,True,0.4005233848170696,0.35884641722127875,0.35884641722127886,True,True,-0.19351796167639712,-0.10971010152863336,-0.0680331339328426,False,100.0,operating,standby,operating,0.0,1905.2328043790096,18309.640448780327,0.0,7.01e-05
2023-01-01 09:30:00,1672565400.0,off,{1: 1},55.0,2.0,standby,0.0,0.0,no action,0.0,False,55.0,True,0.10971010152863336,0.12548482774355463,0.0,0.0,True,0.4087416543248555,0.3725601370079104,0.3725601370079103,True,True,-0.19901341195524286,-0.10971010152863336,-0.07352858421168817,False,100.0,operating,standby,operating,0.0,1654.0122202032064,18685.33276913625,0.0,7.01e-05
2023-01-01 09:45:00,1672566300.0,off,{1: 1},55.0,2.0,standby,0.0,0.0,no action,0.0,False,55.0,True,0.10971010152863336,0.12548482774355463,0.0,0.0,True,0.4201624921695471,0.3860671441569857,0.3860671441569857,True,True,-0.20109958125962651,-0.10971010152863336,-0.07561475351607194,False,100.0,operating,standby,operating,0.0,1558.6444805742342,19207.42821346501,0.0,7.01e-05
2023-01-01 10:00:00,1672567200.0,off,{1: 1},55.0,2.0,standby,0.0,0.0,no action,0.0,False,55.0,True,0.10971010152863336,0.12548482774355463,0.0,0.0,True,0.4335855335436098,0.4075820007530987,0.40758200075309853,True,True,-0.2091913964816769,-0.10971010152863336,-0.08370656873812204,False,100.0,operating,standby,operating,0.0,1188.7329275662278,19821.05296199359,0.0,7.68e-05
2023-01-01 10:15:00,1672568100.0,off,{1: 1},55.0,2.0,standby,0.0,0.0,no action,0.0,False,55.0,True,0.10971010152863336,0.12548482774355463,0.0,0.0,True,0.4442475979003213,0.41824406510981005,0.4182440651098101,True,True,-0.20919139648167673,-0.10971010152863336,-0.08370656873812221,False,100.0,operating,standby,operating,0.0,1188.7329275662278,20308.461618300404,0.0,7.68e-05
2023-01-01 10:30:00,1672569000.0,off,{1: 1},55.0,2.0,standby,0.0,0.0,no action,0.0,False,55.0,True,0.10971010152863336,0.12548482774355463,0.0,0.0,True,0.45284389608281483,0.4268403632923036,0.4268403632923036,True,True,-0.20919139648167673,-0.10971010152863336,-0.0837065687381221,False,100.0,operating,standby,operating,0.0,1188.7329275662278,20701.435249500108,0.0,7.68e-05
2023-01-01 10:45:00,1672569900.0,off,{1: 1},55.0,2.0,standby,0.0,0.0,no action,0.0,False,55.0,True,0.10971010152863336,0.12548482774355463,0.0,0.0,True,0.4615865338096675,0.43558300101915637,0.4355830010191563,True,True,-0.20919139648167684,-0.10971010152863336,-0.0837065687381221,False,100.0,operating,standby,operating,0.0,1188.7329275662278,21101.098688441944,0.0,7.68e-05
2023-01-01 11:00:00,1672570800.0,off,{1: 1},55.0,2.0,standby,0.0,0.0,no action,0.0,False,55.0,True,0.10971010152863336,0.12548482774355463,0.0,0.0,True,0.47695148639487783,0.46229795031621534,0.46229795031621534,True,True,-0.2205413931935255,-0.10971010152863336,-0.09505656544997088,False,100.0,operating,standby,operating,0.0,669.8759350245698,21803.496520908702,0.0,8.409999999999998e-05
2023-01-01 11:15:00,1672571700.0,off,{1: 1},55.0,2.0,standby,0.0,0.0,no action,0.0,False,55.0,True,0.10971010152863336,0.12548482774355463,0.0,0.0,True,0.49142689733620776,0.47677336125754527,0.4767733612575453,True,True,-0.22054139319352545,-0.10971010152863336,-0.09505656544997093,False,100.0,operating,standby,operating,0.0,669.8759350245698,22465.229592512354,0.0,8.409999999999998e-05
2023-01-01 11:30:00,1672572600.0,off,{1: 1},55.0,2.0,standby,0.0,0.0,no action,0.0,False,55.0,True,0.10971010152863336,0.12548482774355463,0.0,0.0,True,0.5024705564155982,0.48781702033693575,0.4878170203369358,True,True,-0.2205413931935255,-0.10971010152863336,-0.09505656544997088,False,100.0,operating,standby,operating,0.0,669.8759350245698,22970.082578998776,0.0,8.409999999999998e-05
2023-01-01 11:45:00,1672573500.0,off,{1: 1},55.0,2.0,standby,0.0,0.0,no action,0.0,False,55.0,True,0.10971010152863336,0.12548482774355463,0.0,0.0,True,0.5121577406021477,0.49750420452348515,0.49750420452348526,True,True,-0.2205413931935254,-0.10971010152863336,-0.09505656544997099,False,100.0,operating,standby,operating,0.0,669.8759350245698,23412.92528466961,0.0,8.409999999999998e-05
2023-01-01 12:00:00,1672574400.0,off,{1: 1},55.0,2.0,standby,0.0,0.0,no action,0.0,False,55.0,True,0.10971010152863336,0.12548482774355463,0.0,0.0,True,0.5167243991330426,0.5021354160872699,0.50213541608727,True,True,-0.22060594622641527,-0.10971010152863336,-0.09512111848286076,False,100.0,operating,standby,operating,0.0,666.9249392353179,23621.68681751052,0.0,9.47e-05
2023-01-01 12:15:00,1672575300.0,off,{1: 1},55.0,2.0,standby,0.0,0.0,no action,0.0,False,55.0,True,0.10971010152863336,0.12548482774355463,0.0,0.0,True,0.5258948596875471,0.5113058766417745,0.5113058766417745,True,True,-0.22060594622641538,-0.10971010152863336,-0.09512111848286076,False,100.0,operating,standby,operating,0.0,666.9249392353179,24040.907871430725,0.0,9.47e-05
2023-01-01 12:30:00,1672576200.0,off,{1: 1},55.0,2.0,standby,0.0,0.0,no action,0.0,False,55.0,True,0.10971010152863336,0.12548482774355463,0.0,0.0,True,0.5334977981522735,0.5189088151065009,0.5189088151065009,True,True,-0.22060594622641538,-0.10971010152863336,-0.09512111848286076,False,100.0,operating,standby,operating,0.0,666.9249392353179,24388.47077267536,0.0,9.47e-05
2023-01-01 12:45:00,1672577100.0,off,{1: 1},55.0,2.0,standby,0.0,0.0,no action,0.0,False,55.0,True,0.10971010152863336,0.12548482774355463,0.0,0.0,True,0.5390618450779269,0.5244728620321543,0.5244728620321543,True,True,-0.22060594622641538,-0.10971010152863336,-0.09512111848286076,False,100.0,operating,standby,operating,0.0,666.9249392353179,24642.82720356237,0.0,9.47e-05
2023-01-01 13:00:00,1672578000.0,off,{1: 1},55.0,2.0,standby,0.0,0.0,no action,0.0,False,55.0,True,0.10971010152863336,0.12548482774355463,0.0,0.0,True,0.5487865701007902,0.5203828422139466,0.5203828422139465,True,True,-0.20679120138534435,-0.10971010152863336,-0.08130637364178961,False,100.0,operating,standby,operating,0.0,1298.4561319699985,25087.38606175041,0.0,9.68e-05
2023-01-01 13:15:00,1672578900.0,off,{1: 1},55.0,2.0,standby,0.0,0.0,no action,0.0,False,55.0,True,0.10971010152863336,0.12548482774355463,0.0,0.0,True,0.5554162937920446,0.527012565905201,0.5270125659052008,True,True,-0.20679120138534435,-0.10971010152863336,-0.08130637364178961,False,100.0,operating,standby,operating,0.0,1298.4561319699985,25390.459144779183,0.0,9.68e-05
2023-01-01 13:30:00,1672579800.0,off,{1: 1},55.0,2.0,standby,0.0,0.0,no action,0.0,False,55.0,True,0.10971010152863336,0.12548482774355463,0.0,0.0,True,0.5606814795564331,0.5322777516695895,0.5322777516695895,True,True,-0.20679120138534435,-0.10971010152863336,-0.08130637364178972,False,100.0,operating,standby,operating,0.0,1298.4561319699985,25631.153351151228,0.0,9.68e-05
2023-01-01 13:45:00,1672580700.0,off,{1: 1},55.0,2.0,standby,0.0,0.0,no action,0.0,False,55.0,True,0.10971010152863336,0.12548482774355463,0.0,0.0,True,0.5656686009716876,0.5372648730848439,0.5372648730848438,True,True,-0.20679120138534435,-0.10971010152863336,-0.08130637364178961,False,100.0,operating,standby,operating,0.0,1298.4561319699985,25859.136044420004,0.0,9.68e-05
2023-01-01 14:00:00,1672581600.0,off,{1: 1},55.0,2.0,standby,0.0,0.0,no action,0.0,False,55.0,True,0.10971010152863336,0.12548482774355463,0.0,0.0,True,0.5634451901810332,0.5455508355051956,0.5455508355051956,True,True,-0.21730057459635033,-0.10971010152863336,-0.0918157468527957,False,100.0,operating,standby,operating,0.0,818.027642324005,25757.494408275805,0.0,9.72e-05
2023-01-01 14:15:00,1672582500.0,off,{1: 1},55.0,2.0,standby,0.0,0.0,no action,0.0,False,55.0,True,0.10971010152863336,0.12548482774355463,0.0,0.0,True,0.5634533404908616,0.5455589858150239,0.5455589858150239,True,True,-0.21730057459635033,-0.10971010152863336,-0.0918157468527957,False,100.0,operating,standby,operating,0.0,818.027642324005,25757.86699386796,0.0,9.72e-05
2023-01-01 14:30:00,1672583400.0,off,{1: 1},55.0,2.0,standby,0.0,0.0,no action,0.0,False,55.0,True,0.10971010152863336,0.12548482774355463,0.0,0.0,True,0.5627562875948859,0.5448619329190484,0.5448619329190484,True,True,-0.21730057459635044,-0.10971010152863336,-0.09181574685279581,False,100.0,operating,standby,operating,0.0,818.027642324005,25726.00171862336,0.0,9.72e-05
2023-01-01 14:45:00,1672584300.0,off,{1: 1},55.0,2.0,standby,0.0,0.0,no action,0.0,False,55.0,True,0.10971010152863336,0.12548482774355463,0.0,0.0,True,0.5615342369795958,0.5436398823037581,0.5436398823037583,True,True,-0.21730057459635033,-0.10971010152863336,-0.09181574685279581,False,100.0,operating,standby,operating,0.0,818.027642324005,25670.136547638667,0.0,9.72e-05
2023-01-01 15:00:00,1672585200.0,off,{1: 1},55.0,2.0,standby,0.0,0.0,no action,0.0,False,55.0,True,0.10971010152863336,0.12548482774355463,0.0,0.0,True,0.5584934993309199,0.5584934993309197,0.5584934993309199,True,True,-0.23519492927218788,-0.10971010152863336,-0.10971010152863336,False,100.0,operating,standby,operating,0.0,0.0,25531.131397984907,0.0,9.52e-05
2023-01-01 15:15:00,1672586100.0,off,{1: 1},55.0,2.0,standby,0.0,0.0,no action,0.0,False,55.0,True,0.10971010152863336,0.12548482774355463,0.0,0.0,True,0.557242762094104,0.557242762094104,0.557242762094104,True,True,-0.235194929272188,-0.10971010152863336,-0.10971010152863336,False,100.0,operating,standby,operating,0.0,0.0,25473.954838587608,0.0,9.52e-05
2023-01-01 15:30:00,1672587000.0,off,{1: 1},55.0,2.0,standby,0.0,0.0,no action,0.0,False,55.0,True,0.10971010152863336,0.12548482774355463,0.0,0.0,True,0.5581834475184313,0.5581834475184313,0.5581834475184313,True,True,-0.235194929272188,-0.10971010152863336,-0.10971010152863336,False,100.0,operating,standby,operating,0.0,0.0,25516.957600842576,0.0,9.52e-05
2023-01-01 15:45:00,1672587900.0,off,{1: 1},55.0,2.0,standby,0.0,0.0,no action,0.0,False,55.0,True,0.10971010152863336,0.12548482774355463,0.0,0.0,True,0.5618465823117609,0.5618465823117609,0.5618465823117609,True,True,-0.235194929272188,-0.10971010152863336,-0.10971010152863336,False,100.0,operating,standby,operating,0.0,0.0,25684.415191394783,0.0,9.52e-05
2023-01-01 16:00:00,1672588800.0,off,{1: 1},55.0,2.0,standby,0.0,0.0,no action,0.0,False,55.0,True,0.10971010152863336,0.12548482774355463,0.0,0.0,True,0.5721685611985338,0.5721685611985338,0.5721685611985338,True,True,-0.235194929272188,-0.10971010152863336,-0.10971010152863336,False,100.0,operating,standby,operating,0.0,0.0,26156.277083361543,0.0,0.000112
2023-01-01 16:15:00,1672589700.0,off,{1: 1},55.0,2.0,standby,0.0,0.0,no action,0.0,False,55.0,True,0.10971010152863336,0.12548482774355463,0.0,0.0,True,0.5767048763101765,0.5767048763101764,0.5767048763101765,True,True,-0.23519492927218788,-0.10971010152863336,-0.10971010152863336,False,100.0,operating,standby,operating,0.0,0.0,26363.651488465213,0.0,0.000112
2023-01-01 16:30:00,1672590600.0,off,{1: 1},55.0,2.0,standby,0.0,0.0,no action,0.0,False,55.0,True,0.10971010152863336,0.12548482774355463,0.0,0.0,True,0.5810536165739089,0.5810536165739089,0.5810536165739089,True,True,-0.235194929272188,-0.10971010152863336,-0.10971010152863336,False,100.0,operating,standby,operating,0.0,0.0,26562.451043378693,0.0,0.000112
2023-01-01 16:45:00,1672591500.0,off,{1: 1},55.0,2.0,standby,0.0,0.0,no action,0.0,False,55.0,True,0.10971010152863336,0.12548482774355463,0.0,0.0,True,0.5914852533666699,0.5914852533666699,0.5914852533666699,True,True,-0.235194929272188,-0.10971010152863336,-0.10971010152863336,False,100.0,operating,standby,operating,0.0,0.0,27039.325868190623,0.0,0.000112
2023-01-01 17:00:00,1672592400.0,off,{1: 1},55.0,2.0,operating,27274.99628501046,-0.0,load coverage,0.0,False,55.0,True,0.10971010152863336,0.12548482774355463,0.0,0.0,True,0.5966405437346038,0.0,0.5966405437346038,True,True,0.36144561446241585,-0.10971010152863336,-0.10971010152863336,False,100.0,operating,standby,operating,0.0,0.0,27274.99628501046,0.0,0.00015
2023-01-01 17:15:00,1672593300.0,off,{1: 1},55.0,2.0,operating,27739.59090311038,-0.0,load coverage,0.0,False,55.0,True,0.10971010152863336,0.12548482774355463,0.0,0.0,True,0.6068035510055395,0.0,0.6068035510055395,True,True,0.3716086217333515,-0.10971010152863336,-0.10971010152863336,False,97.04969320212331,operating,discharging,operating,27274.99628501046,0.0,27739.59090311038,0.0,0.00015
2023-01-01 17:30:00,1672594200.0,off,{1: 1},55.0,2.0,operating,28224.279180911533,-0.0,load coverage,0.0,False,55.0,True,0.10971010152863336,0.12548482774355463,0.0,0.0,True,0.6174061070824398,0.0,0.6174061070824398,True,True,0.3822111778102518,-0.10971010152863336,-0.10971010152863336,False,94.04913170775778,operating,discharging,operating,27739.59090311038,0.0,28224.279180911533,0.0,0.00015
2023-01-01 17:45:00,1672595100.0,off,{1: 1},55.0,2.0,operating,28519.911391982416,-0.0,load coverage,0.0,False,55.0,True,0.10971010152863336,0.12548482774355463,0.0,0.0,True,0.6238730616996153,0.0,0.6238730616996153,True,True,0.3886781324274273,-0.10971010152863336,-0.10971010152863336,False,90.99614200750342,operating,discharging,operating,28224.279180911533,0.0,28519.911391982416,0.0,0.00015
2023-01-01 18:00:00,1672596000.0,off,{1: 1},55.0,2.0,operating,28724.241979748535,-0.0,load coverage,0.0,False,55.0,True,0.10971010152863336,0.12548482774355463,0.0,0.0,True,0.6283427933069992,0.0,0.6283427933069992,True,True,0.39314786403481117,-0.10971010152863336,-0.10971010152863336,False,87.91117409127133,operating,discharging,operating,28519.911391982416,0.0,28724.241979748535,0.0,0.000146
2023-01-01 18:15:00,1672596900.0,off,{1: 1},55.0,2.0,operating,28859.078852416937,-0.0,load coverage,0.0,False,55.0,True,0.10971010152863336,0.12548482774355463,0.0,0.0,True,0.6312923498966205,0.0,0.6312923498966205,True,True,0.39609742062443254,-0.10971010152863336,-0.10971010152863336,False,84.8041039567364,operating,discharging,operating,28724.241979748535,0.0,28859.078852416937,0.0,0.000146
2023-01-01 18:30:00,1672597800.0,off,{1: 1},55.0,2.0,operating,28800.53601852278,-0.0,load coverage,0.0,False,55.0,True,0.10971010152863336,0.12548482774355463,0.0,0.0,True,0.6300117254051858,0.0,0.6300117254051858,True,True,0.3948167961329978,-0.10971010152863336,-0.10971010152863336,False,81.68244866376988,operating,discharging,operating,28859.078852416937,0.0,28800.53601852278,0.0,0.000146
2023-01-01 18:45:00,1672598700.0,off,{1: 1},55.0,2.0,operating,28728.146716073137,-0.0,load coverage,0.0,False,55.0,True,0.10971010152863336,0.12548482774355463,0.0,0.0,True,0.6284282094140998,0.0,0.6284282094140998,True,True,0.39323328014191183,-0.10971010152863336,-0.10971010152863336,False,78.56712588571921,operating,discharging,operating,28800.53601852278,0.0,28728.146716073137,0.0,0.000146
2023-01-01 19:00:00,1672599600.0,off,{1: 1},55.0,2.0,operating,28806.06371439888,-0.0,load coverage,0.0,False,55.0,True,0.10971010152863336,0.12548482774355463,0.0,0.0,True,0.6301326437524755,0.0,0.6301326437524755,True,True,0.39493771448028747,-0.10971010152863336,-0.10971010152863336,False,75.45963338008652,operating,discharging,operating,28728.146716073137,0.0,28806.06371439888,0.0,0.00014
2023-01-01 19:15:00,1672600500.0,off,{1: 1},55.0,2.0,operating,28932.270699574103,-0.0,load coverage,0.0,False,55.0,True,0.10971010152863336,0.12548482774355463,0.0,0.0,True,0.6328934215531835,0.0,0.6328934215531835,True,True,0.3976984922809955,-0.10971010152863336,-0.10971010152863336,False,72.34371267716175,operating,discharging,operating,28806.06371439888,0.0,28932.270699574103,0.0,0.00014
2023-01-01 19:30:00,1672601400.0,off,{1: 1},55.0,2.0,operating,28760.622987339408,-0.0,load coverage,0.0,False,55.0,True,0.10971010152863336,0.12548482774355463,0.0,0.0,True,0.6291386278480495,0.0,0.6291386278480495,True,True,0.39394369857586153,-0.10971010152863336,-0.10971010152863336,False,69.21414030138573,operating,discharging,operating,28932.270699574103,0.0,28760.622987339408,0.0,0.00014
2023-01-01 19:45:00,1672602300.0,off,{1: 1},55.0,2.0,operating,28467.055660157646,-0.0,load coverage,0.0,False,55.0,True,0.10971010152863336,0.12548482774355463,0.0,0.0,True,0.6227168425659485,0.0,0.6227168425659485,True,True,0.3875219132937605,-0.10971010152863336,-0.10971010152863336,False,66.1031348726756,operating,discharging,operating,28760.622987339408,0.0,28467.055660157646,0.0,0.00014
2023-01-01 20:00:00,1672603200.0,off,{1: 1},55.0,2.0,operating,28064.21705548304,-0.0,load coverage,0.0,False,55.0,True,0.10971010152863336,0.12548482774355463,0.0,0.0,True,0.6139047480886916,0.0,0.6139047480886916,True,True,0.37870981881650356,-0.10971010152863336,-0.10971010152863336,False,63.02388430369004,operating,discharging,operating,28467.055660157646,0.0,28064.21705548304,0.0,0.000122
2023-01-01 20:15:00,1672604100.0,off,{1: 1},55.0,2.0,operating,27588.01756898316,-0.0,load coverage,0.0,False,55.0,True,0.10971010152863336,0.12548482774355463,0.0,0.0,True,0.6034878843215066,0.0,0.6034878843215066,True,True,0.3682929550493186,-0.10971010152863336,-0.10971010152863336,False,59.98820835012879,operating,discharging,operating,28064.21705548304,0.0,27588.01756898316,0.0,0.000122
2023-01-01 20:30:00,1672605000.0,off,{1: 1},55.0,2.0,operating,27153.575295498267,-0.0,load coverage,0.0,False,55.0,True,0.10971010152863336,0.12548482774355463,0.0,0.0,True,0.5939844595890246,0.0,0.5939844595890246,True,True,0.3587895303168366,-0.10971010152863336,-0.10971010152863336,False,57.004042379098244,operating,discharging,operating,27588.01756898316,0.0,27153.575295498267,0.0,0.000122
2023-01-01 20:45:00,1672605900.0,off,{1: 1},55.0,2.0,operating,26636.647241950173,-0.0,load coverage,0.0,False,55.0,True,0.10971010152863336,0.12548482774355463,0.0,0.0,True,0.58267665841766,0.0,0.58267665841766,True,True,0.34748172914547204,-0.10971010152863336,-0.10971010152863336,False,54.06686955810717,operating,discharging,operating,27153.575295498267,0.0,26636.647241950173,0.0,0.000122
2023-01-01 21:00:00,1672606800.0,off,{1: 1},55.0,2.0,operating,26088.95602019616,-0.0,load coverage,0.0,False,55.0,True,0.10971010152863336,0.12548482774355463,0.0,0.0,True,0.570695912941791,0.0,0.570695912941791,True,True,0.335500983669603,-0.10971010152863336,-0.10971010152863336,False,51.18561228461827,operating,discharging,operating,26636.647241950173,0.0,26088.95602019616,0.0,0.000103
2023-01-01 21:15:00,1672607700.0,off,{1: 1},55.0,2.0,operating,25667.46927781756,-0.0,load coverage,0.0,False,55.0,True,0.10971010152863336,0.12548482774355463,0.0,0.0,True,0.5614758904522591,0.0,0.5614758904522591,True,True,0.3262809611800711,-0.10971010152863336,-0.10971010152863336,False,48.36359817720695,operating,discharging,operating,26088.95602019616,0.0,25667.46927781756,0.0,0.000103
2023-01-01 21:30:00,1672608600.0,off,{1: 1},55.0,2.0,operating,24860.0330371832,-0.0,load coverage,0.0,False,55.0,True,0.10971010152863336,0.12548482774355463,0.0,0.0,True,0.5438132226883825,0.0,0.5438132226883825,True,True,0.3086182934161945,-0.10971010152863336,-0.10971010152863336,False,45.587175834071616,operating,discharging,operating,25667.46927781756,0.0,24860.0330371832,0.0,0.000103
2023-01-01 21:45:00,1672609500.0,off,{1: 1},55.0,2.0,operating,24454.155846287544,-0.0,load coverage,0.0,False,55.0,True,0.10971010152863336,0.12548482774355463,0.0,0.0,True,0.53493465913754,0.0,0.53493465913754,True,True,0.299739729865352,-0.10971010152863336,-0.10971010152863336,False,42.89809299429323,operating,discharging,operating,24860.0330371832,0.0,24454.155846287544,0.0,0.000103
2023-01-01 22:00:00,1672610400.0,off,{1: 1},55.0,2.0,operating,24129.90739373033,-0.0,load coverage,0.0,False,55.0,True,0.10971010152863336,0.12548482774355463,0.0,0.0,True,0.5278417242378509,0.0,0.5278417242378509,True,True,0.2926467949656629,-0.10971010152863336,-0.10971010152863336,False,40.25291345051862,operating,discharging,operating,24454.155846287544,0.0,24129.90739373033,0.0,9.75e-05
2023-01-01 22:15:00,1672611300.0,off,{1: 1},55.0,2.0,operating,23691.19580705705,-0.0,load coverage,0.0,False,55.0,True,0.10971010152863336,0.12548482774355463,0.0,0.0,True,0.518244908279373,0.0,0.518244908279373,True,True,0.283049979007185,-0.10971010152863336,-0.10971010152863336,False,37.642807510559905,operating,discharging,operating,24129.90739373033,0.0,23691.19580705705,0.0,9.75e-05
2023-01-01 22:30:00,1672612200.0,off,{1: 1},55.0,2.0,operating,23153.56188422214,-0.0,load coverage,0.0,False,55.0,True,0.10971010152863336,0.12548482774355463,0.0,0.0,True,0.5064841662173594,0.0,0.5064841662173594,True,True,0.2712892369451714,-0.10971010152863336,-0.10971010152863336,False,35.08015652762279,operating,discharging,operating,23691.19580705705,0.0,23153.56188422214,0.0,9.75e-05
2023-01-01 22:45:00,1672613100.0,off,{1: 1},55.0,2.0,operating,22609.592489160044,-0.0,load coverage,0.0,False,55.0,True,0.10971010152863336,0.12548482774355463,0.0,0.0,True,0.494584835700376,0.0,0.494584835700376,True,True,0.259389906428188,-0.10971010152863336,-0.10971010152863342,False,32.57566082363545,operating,discharging,operating,23153.56188422214,0.0,22609.592489160044,0.0,9.75e-05
2023-01-01 23:00:00,1672614000.0,off,{1: 1},55.0,2.0,operating,22268.306853580285,-0.0,load coverage,0.0,False,55.0,True,0.10971010152863336,0.12548482774355463,0.0,0.0,True,0.48711921242206874,0.0,0.48711921242206874,True,True,0.25192428314988075,-0.10971010152863336,-0.10971010152863342,False,30.13000569976473,operating,discharging,operating,22609.592489160044,0.0,22268.306853580285,0.0,8.52e-05
2023-01-01 23:15:00,1672614900.0,off,{1: 1},55.0,2.0,operating,21774.966266373136,-0.0,load coverage,0.0,False,55.0,True,0.10971010152863336,0.12548482774355463,0.0,0.0,True,0.47632738707691236,0.0,0.47632738707691236,True,True,0.24113245780472436,-0.10971010152863336,-0.10971010152863336,False,27.721267073339032,operating,discharging,operating,22268.306853580285,0.0,21774.966266373136,0.0,8.52e-05
2023-01-01 23:30:00,1672615800.0,off,{1: 1},55.0,2.0,operating,21210.48581669964,-0.0,load coverage,0.0,False,55.0,True,0.10971010152863336,0.12548482774355463,0.0,0.0,True,0.4639793772403046,0.0,0.4639793772403046,True,True,0.2287844479681166,-0.10971010152863336,-0.10971010152863336,False,25.365892563736537,operating,discharging,operating,21774.966266373136,0.0,21210.48581669964,0.0,8.52e-05
2023-01-01 23:45:00,1672616700.0,off,{1: 1},55.0,2.0,operating,20625.236555053005,-0.0,load coverage,0.0,False,55.0,True,0.10971010152863336,0.12548482774355463,0.0,0.0,True,0.45117704964178446,0.0,0.45117704964178446,True,True,0.21598212036959646,-0.10971010152863336,-0.10971010152863342,False,23.07157729280589,operating,discharging,operating,21210.48581669964,0.0,20625.236555053005,0.0,8.52e-05
2023-01-02 00:00:00,1672617600.0,off,{1: 1},55.0,2.0,operating,8069.450884194078,-0.0,load coverage,0.0,False,55.0,True,0.10971010152863336,0.12548482774355463,0.0,0.0,True,0.44133237007226783,0.26481313198052236,0.44133237007226783,True,True,-0.058675691180442524,-0.10971010152863336,-0.10971010152863342,False,20.840567800436883,operating,discharging,operating,20625.236555053005,0.0,20175.19406044653,0.0,5.71e-05
2023-01-02 00:15:00,1672618500.0,off,{1: 1},55.0,2.0,operating,-50000.0,0.0,price forecast,0.0,False,55.0,True,0.10971010152863336,0.12548482774355463,0.0,0.0,True,0.42722918966861045,1.5209791896686105,0.42722918966861045,True,True,-1.3289449292721882,-0.10971010152863336,-0.10971010152863336,False,20.0,operating,discharging,operating,8069.450884194078,0.0,19530.477241993627,0.0,5.71e-05
2023-01-02 00:30:00,1672619400.0,off,{1: 1},55.0,2.0,operating,19105.93026536937,-0.0,load coverage,0.0,False,55.0,True,0.10971010152863336,0.12548482774355463,0.0,0.0,True,0.41794222455495494,0.0,0.41794222455495494,True,True,0.18274729528276695,-0.10971010152863336,-0.10971010152863342,False,25.015625,operating,charging,operating,-50000.0,0.0,19105.93026536937,0.0,5.71e-05
2023-01-02 00:45:00,1672620300.0,off,{1: 1},55.0,2.0,operating,18538.894790514227,-0.0,load coverage,0.0,False,55.0,True,0.10971010152863336,0.12548482774355463,0.0,0.0,True,0.4055383235424987,0.0,0.4055383235424987,True,True,0.1703433942703107,-0.10971010152863336,-0.10971010152863331,False,22.94895722293945,operating,discharging,operating,19105.93026536937,0.0,18538.894790514227,0.0,5.71e-05
2023-01-02 01:00:00,1672621200.0,off,{1: 1},55.0,2.0,operating,9058.800565022204,-0.0,load coverage,0.0,False,55.0,True,0.10971010152863336,0.12548482774355463,0.0,0.0,True,0.39222627096783147,0.19406500860797074,0.39222627096783147,True,True,-0.037033666912327234,-0.10971010152863336,-0.10971010152863336,False,20.94362505885648,operating,discharging,operating,18538.894790514227,0.0,17930.343815672295,0.0,5.26e-05
2023-01-02 01:15:00,1672622100.0,off,{1: 1},55.0,2.0,operating,-50000.0,0.0,price forecast,0.0,False,55.0,True,0.10971010152863336,0.12548482774355463,0.0,0.0,True,0.38105005168004363,1.4748000516800437,0.38105005168004363,True,True,-1.3289449292721882,-0.10971010152863336,-0.10971010152863336,False,20.0,operating,discharging,operating,9058.800565022204,0.0,17419.430933944852,0.0,5.26e-05
2023-01-02 01:30:00,1672623000.0,off,{1: 1},55.0,2.0,operating,16924.131147887536,-0.0,load coverage,0.0,False,55.0,True,0.10971010152863336,0.12548482774355463,0.0,0.0,True,0.37021536886003986,0.0,0.37021536886003986,True,True,0.13502043958785187,-0.10971010152863336,-0.10971010152863336,False,25.015625,operating,charging,operating,-50000.0,0.0,16924.131147887536,0.0,5.26e-05
2023-01-02 01:45:00,1672623900.0,off,{1: 1},55.0,2.0,operating,16517.52828060029,-0.0,load coverage,0.0,False,55.0,True,0.10971010152863336,0.12548482774355463,0.0,0.0,True,0.36132093113813135,0.0,0.36132093113813135,True,True,0.12612600186594336,-0.10971010152863336,-0.10971010152863336,False,23.184960069672947,operating,discharging,operating,16924.131147887536,0.0,16517.52828060029,0.0,5.26e-05
2023-01-02 02:00:00,1672624800.0,off,{1: 1},55.0,2.0,operating,13423.458537395822,-0.0,load coverage,0.0,False,55.0,True,0.10971010152863336,0.12548482774355463,0.0,0.0,True,0.35241425995293446,0.05877610444740086,0.35241425995293446,True,True,0.05844322623334558,-0.10971010152863336,-0.10971010152863336,False,21.39827693097873,operating,discharging,operating,16517.52828060029,0.0,16110.366169277004,0.0,4.9e-05
2023-01-02 02:15:00,1672625700.0,off,{1: 1},55.0,2.0,operating,-50000.0,0.0,price forecast,0.0,False,55.0,True,0.10971010152863336,0.12548482774355463,0.0,0.0,True,0.3448867580215729,1.4386367580215729,0.3448867580215729,True,True,-1.328944929272188,-0.10971010152863336,-0.10971010152863336,False,20.0,operating,discharging,operating,13423.458537395822,0.0,15766.251795271908,0.0,4.9e-05
2023-01-02 02:30:00,1672626600.0,off,{1: 1},55.0,2.0,operating,15459.98643355838,-0.0,load coverage,0.0,False,55.0,True,0.10971010152863336,0.12548482774355463,0.0,0.0,True,0.3381872032340896,0.0,0.3381872032340896,True,True,0.10299227396190158,-0.10971010152863336,-0.10971010152863336,False,25.015625,operating,charging,operating,-50000.0,0.0,15459.98643355838,0.0,4.9e-05
2023-01-02 02:45:00,1672627500.0,off,{1: 1},55.0,2.0,operating,15202.74235665951,-0.0,load coverage,0.0,False,55.0,True,0.10971010152863336,0.12548482774355463,0.0,0.0,True,0.3325599890519268,0.0,0.3325599890519268,True,True,0.0973650597797388,-0.10971010152863336,-0.10971010152863336,False,23.343335017138457,operating,discharging,operating,15459.98643355838,0.0,15202.74235665951,0.0,4.9e-05
2023-01-02 03:00:00,1672628400.0,off,{1: 1},55.0,2.0,operating,-50000.0,0.0,price forecast,0.0,False,55.0,True,0.10971010152863336,0.12548482774355463,0.0,0.0,True,0.3280459809525484,1.4217959809525484,0.3280459809525484,True,True,-1.328944929272188,-0.10971010152863336,-0.10971010152863336,False,21.698870847371722,operating,discharging,operating,15202.74235665951,0.0,14996.387700687928,0.0,3.4899999999999995e-05
2023-01-02 03:15:00,1672629300.0,off,{1: 1},55.0,2.0,operating,-50000.0,0.0,price forecast,0.0,False,55.0,True,0.10971010152863336,0.12548482774355463,0.0,0.0,True,0.3233947075952228,1.4171447075952228,0.3233947075952228,True,True,-1.328944929272188,-0.10971010152863336,-0.10971010152863336,False,26.714495847371722,operating,charging,operating,-50000.0,0.0,14783.758061495902,0.0,3.4899999999999995e-05
2023-01-02 03:30:00,1672630200.0,off,{1: 1},55.0,2.0,operating,-50000.0,0.0,price forecast,0.0,False,55.0,True,0.10971010152863336,0.12548482774355463,0.0,0.0,True,0.31991471386537723,1.4136647138653773,0.31991471386537723,True,True,-1.328944929272188,-0.10971010152863336,-0.10971010152863336,False,31.730120847371722,operating,charging,operating,-50000.0,0.0,14624.672633845816,0.0,3.4899999999999995e-05
2023-01-02 03:45:00,1672631100.0,off,{1: 1},55.0,2.0,operating,-50000.0,0.0,price forecast,0.0,False,55.0,True,0.10971010152863336,0.12548482774355463,0.0,0.0,True,0.31688370215404355,1.4106337021540436,0.31688370215404355,True,True,-1.328944929272188,-0.10971010152863336,-0.10971010152863336,False,36.74574584737172,operating,charging,operating,-50000.0,0.0,14486.11209847056,0.0,3.4899999999999995e-05
2023-01-02 04:00:00,1672632000.0,off,{1: 1},55.0,2.0,operating,-50000.0,0.0,price forecast,0.0,False,55.0,True,0.10971010152863336,0.12548482774355463,0.0,0.0,True,0.3138533122796628,1.4076033122796627,0.3138533122796628,True,True,-1.3289449292721882,-0.10971010152863336,-0.10971010152863336,False,41.76137084737172,operating,charging,operating,-50000.0,0.0,14347.579989927444,0.0,2.96e-05
2023-01-02 04:15:00,1672632900.0,off,{1: 1},55.0,2.0,operating,-50000.0,0.0,price forecast,0.0,False,55.0,True,0.10971010152863336,0.12548482774355463,0.0,0.0,True,0.3114571399586637,1.4052071399586636,0.3114571399586637,True,True,-1.328944929272188,-0.10971010152863336,-0.10971010152863336,False,46.77699584737172,operating,charging,operating,-50000.0,0.0,14238.040683824624,0.0,2.96e-05
2023-01-02 04:30:00,1672633800.0,off,{1: 1},55.0,2.0,operating,-50000.0,0.0,price forecast,0.0,False,55.0,True,0.10971010152863336,0.12548482774355463,0.0,0.0,True,0.3093064771966341,1.403056477196634,0.3093064771966341,True,True,-1.328944929272188,-0.10971010152863336,-0.10971010152863336,False,51.79262084737172,operating,charging,operating,-50000.0,0.0,14139.72467184613,0.0,2.96e-05
2023-01-02 04:45:00,1672634700.0,off,{1: 1},55.0,2.0,operating,-50000.0,0.0,price forecast,0.0,False,55.0,True,0.10971010152863336,0.12548482774355463,0.0,0.0,True,0.307532758868677,1.401282758868677,0.307532758868677,True,True,-1.328944929272188,-0.10971010152863336,-0.10971010152863336,False,56.80824584737172,operating,charging,operating,-50000.0,0.0,14058.640405425233,0.0,2.96e-05
2023-01-02 05:00:00,1672635600.0,off,{1: 1},55.0,2.0,operating,-50000.0,0.0,price forecast,0.0,False,55.0,True,0.10971010152863336,0.12548482774355463,0.0,0.0,True,0.3070430378595653,1.4007930378595654,0.3070430378595653,True,True,-1.328944929272188,-0.10971010152863336,-0.10971010152863336,False,61.82387084737172,operating,charging,operating,-50000.0,0.0,14036.253159294414,0.0,3.4e-05
2023-01-02 05:15:00,1672636500.0,off,{1: 1},55.0,2.0,operating,-50000.0,0.0,price forecast,0.0,False,55.0,True,0.10971010152863336,0.12548482774355463,0.0,0.0,True,0.3066840961886313,1.4004340961886312,0.3066840961886313,True,True,-1.3289449292721882,-0.10971010152863336,-0.10971010152863336,False,66.83949584737172,operating,charging,operating,-50000.0,0.0,14019.844397194574,0.0,3.4e-05
2023-01-02 05:30:00,1672637400.0,off,{1: 1},55.0,2.0,operating,-50000.0,0.0,price forecast,0.0,False,55.0,True,0.10971010152863336,0.12548482774355463,0.0,0.0,True,0.30658240973286105,1.400332409732861,0.30658240973286105,True,True,-1.328944929272188,-0.10971010152863336,-0.10971010152863336,False,71.85512084737172,operating,charging,operating,-50000.0,0.0,14015.195873502218,0.0,3.4e-05
2023-01-02 05:45:00,1672638300.0,off,{1: 1},55.0,2.0,operating,-50000.0,0.0,price forecast,0.0,False,55.0,True,0.10971010152863336,0.12548482774355463,0.0,0.0,True,0.3060723052808865,1.3998223052808865,0.3060723052808865,True,True,-1.3289449292721882,-0.10971010152863336,-0.10971010152863336,False,76.87074584737172,operating,charging,operating,-50000.0,0.0,13991.87681284053,0.0,3.4e-05
2023-01-02 06:00:00,1672639200.0,off,{1: 1},55.0,2.0,operating,-50000.0,0.0,price forecast,0.0,False,55.0,True,0.10971010152863336,0.12548482774355463,0.0,0.0,True,0.30568418888750015,1.3994341888875,0.30568418888750015,True,True,-1.328944929272188,-0.10971010152863336,-0.10971010152863336,False,81.88637084737172,operating,charging,operating,-50000.0,0.0,13974.134349142862,0.0,3.45e-05
2023-01-02 06:15:00,1672640100.0,off,{1: 1},55.0,2.0,operating,-50000.0,0.0,price forecast,0.0,False,55.0,True,0.10971010152863336,0.12548482774355463,0.0,0.0,True,0.30932976343447666,1.4030797634344767,0.30932976343447666,True,True,-1.3289449292721882,-0.10971010152863336,-0.10971010152863336,False,86.90199584737172,operating,charging,operating,-50000.0,0.0,14140.789185576075,0.0,3.45e-05
2023-01-02 06:30:00,1672641000.0,off,{1: 1},55.0,2.0,operating,-50000.0,0.0,price forecast,0.0,False,55.0,True,0.10971010152863336,0.12548482774355463,0.0,0.0,True,0.3100679174578052,1.4038179174578052,0.3100679174578052,True,True,-1.3289449292721882,-0.10971010152863336,-0.10971010152863336,False,91.91762084737172,operating,charging,operating,-50000.0,0.0,14174.53336949967,0.0,3.45e-05
2023-01-02 06:45:00,1672641900.0,off,{1: 1},55.0,2.0,operating,-50000.0,0.0,price forecast,0.0,False,55.0,True,0.10971010152863336,0.12548482774355463,0.0,0.0,True,0.31216272006450135,1.4059127200645014,0.31216272006450135,True,True,-1.3289449292721882,-0.10971010152863336,-0.10971010152863336,False,96.93324584737172,operating,charging,operating,-50000.0,0.0,14270.295774377208,0.0,3.45e-05
2023-01-02 07:00:00,1672642800.0,off,{1: 1},55.0,2.0,standby,0.0,0.0,no action,0.0,False,55.0,True,0.10971010152863336,0.12548482774355463,0.0,0.0,True,0.31386562848512556,0.31386562848512556,0.31386562848512556,True,True,-0.235194929272188,-0.10971010152863336,-0.10971010152863336,False,100.0,operating,charging,operating,-50000.0,0.0,14348.143016462882,0.0,4.179999999999999e-05
2023-01-02 07:15:00,1672643700.0,off,{1: 1},55.0,2.0,standby,0.0,0.0,no action,0.0,False,55.0,True,0.10971010152863336,0.12548482774355463,0.0,0.0,True,0.3206795696956474,0.3206795696956474,0.3206795696956474,True,True,-0.23519492927218805,-0.10971010152863336,-0.10971010152863336,False,100.0,operating,standby,operating,0.0,0.0,14659.637471801025,0.0,4.179999999999999e-05
2023-01-02 07:30:00,1672644600.0,off,{1: 1},55.0,2.0,standby,0.0,0.0,no action,0.0,False,55.0,True,0.10971010152863336,0.12548482774355463,0.0,0.0,True,0.3277726394431409,0.3277726394431409,0.3277726394431409,True,True,-0.23519492927218794,-0.10971010152863336,-0.10971010152863336,False,100.0,operating,standby,operating,0.0,0.0,14983.892088829298,0.0,4.179999999999999e-05
2023-01-02 07:45:00,1672645500.0,off,{1: 1},55.0,2.0,standby,0.0,0.0,no action,0.0,False,55.0,True,0.10971010152863336,0.12548482774355463,0.0,0.0,True,0.3352525682937495,0.3352525682937495,0.3352525682937495,True,True,-0.235194929272188,-0.10971010152863336,-0.10971010152863336,False,100.0,operating,standby,operating,0.0,0.0,15325.831693428549,0.0,4.179999999999999e-05
2023-01-02 08:00:00,1672646400.0,off,{1: 1},55.0,2.0,standby,0.0,0.0,no action,0.0,False,55.0,True,0.10971010152863336,0.12548482774355463,0.0,0.0,True,0.34476290293605055,0.34476290293605055,0.34476290293605055,True,True,-0.23519492927218805,-0.10971010152863336,-0.10971010152863336,False,100.0,operating,standby,operating,0.0,0.0,15760.58984850517,0.0,4.9e-05
2023-01-02 08:15:00,1672647300.0,off,{1: 1},55.0,2.0,standby,0.0,0.0,no action,0.0,False,55.0,True,0.10971010152863336,0.12548482774355463,0.0,0.0,True,0.3595986499060127,0.3595986499060127,0.3595986499060127,True,True,-0.23519492927218794,-0.10971010152863336,-0.10971010152863336,False,100.0,operating,standby,operating,0.0,0.0,16438.795424274867,0.0,4.9e-05
2023-01-02 08:30:00,1672648200.0,off,{1: 1},55.0,2.0,standby,0.0,0.0,no action,0.0,False,55.0,True,0.10971010152863336,0.12548482774355463,0.0,0.0,True,0.3760191818118846,0.3760191818118846,0.3760191818118846,True,True,-0.23519492927218794,-0.10971010152863336,-0.10971010152863336,False,100.0,operating,standby,operating,0.0,0.0,17189.44831140044,0.0,4.9e-05
2023-01-02 08:45:00,1672649100.0,off,{1: 1},55.0,2.0,standby,0.0,0.0,no action,0.0,False,55.0,True,0.10971010152863336,0.12548482774355463,0.0,0.0,True,0.394508033724504,0.394508033724504,0.394508033724504,True,True,-0.23519492927218805,-0.10971010152863336,-0.10971010152863342,False,100.0,operating,standby,operating,0.0,0.0,18034.65297026304,0.0,4.9e-05
2023-01-02 09:00:00,1672650000.0,off,{1: 1},55.0,2.0,operating,10078.74588587842,-0.0,load coverage,0.0,False,55.0,True,0.10971010152863336,0.12548482774355463,0.0,0.0,True,0.41320421915664696,0.0,0.2204725662535904,True,True,0.17800928988445897,-0.10971010152863336,0.08302155137442319,False,100.0,operating,standby,operating,0.0,8810.58984699687,18889.33573287529,0.0,5.9999999999999995e-05
2023-01-02 09:15:00,1672650900.0,off,{1: 1},55.0,2.0,operating,16313.9629889602,-0.0,load coverage,0.0,False,55.0,True,0.10971010152863336,0.12548482774355463,0.0,0.0,True,0.4334726419892624,0.0,0.3568679403835044,True,True,0.1982777127170744,-0.10971010152863336,-0.03310539992287537,False,98.90979297703808,operating,discharging,operating,10078.74588587842,3501.9292162632237,19815.892205223423,0.0,5.9999999999999995e-05
2023-01-02 09:30:00,1672651800.0,off,{1: 1},55.0,2.0,operating,17821.075871014,-0.0,load coverage,0.0,False,55.0,True,0.10971010152863336,0.12548482774355463,0.0,0.0,True,0.45146144708720276,0.0,0.38983603467843125,True,True,0.21626651781501477,-0.10971010152863336,-0.048084689119861856,False,97.14512927539388,operating,discharging,operating,16313.9629889602,2817.16171011527,20638.23758112927,0.0,5.9999999999999995e-05
2023-01-02 09:45:00,1672652700.0,off,{1: 1},55.0,2.0,operating,18951.927920658556,-0.0,load coverage,0.0,False,55.0,True,0.10971010152863336,0.12548482774355463,0.0,0.0,True,0.47047386020338766,0.0,0.41457342326440594,True,True,0.23527893093119967,-0.10971010152863336,-0.05380966458965164,False,95.21744280613397,operating,discharging,operating,17821.075871014,2555.4485457820233,21507.37646644058,0.0,5.9999999999999995e-05
2023-01-02 10:00:00,1672653600.0,off,{1: 1},55.0,2.0,operating,19049.989492118853,-0.0,load coverage,0.0,False,55.0,True,0.10971010152863336,0.12548482774355463,0.0,0.0,True,0.4906345171810932,0.0,0.4167185201400999,True,True,0.2554395879089052,-0.10971010152863336,-0.03579410448764009,False,93.1674332958516,operating,discharging,operating,18951.927920658556,3379.0170075882625,22429.006499707117,0.0,7.01e-05
2023-01-02 10:15:00,1672654500.0,off,{1: 1},55.0,2.0,operating,19912.40031756678,-0.0,load coverage,0.0,False,55.0,True,0.10971010152863336,0.12548482774355463,0.0,0.0,True,0.5084100399959004,0.0,0.43558375694677326,True,True,0.2732151107237124,-0.10971010152863336,-0.03688381847950617,False,91.10681657162621,operating,discharging,operating,19049.989492118853,3329.2015108172423,23241.60182838402,0.0,7.01e-05
2023-01-02 10:30:00,1672655400.0,off,{1: 1},55.0,2.0,operating,20556.729030985498,-0.0,load coverage,0.0,False,55.0,True,0.10971010152863336,0.12548482774355463,0.0,0.0,True,0.5218030186167488,0.0,0.4496784475528078,True,True,0.28660808934456083,-0.10971010152863336,-0.037585530464692374,False,88.95291380276515,operating,discharging,operating,19912.40031756678,3297.123248637309,23853.852279622806,0.0,7.01e-05
2023-01-02 10:45:00,1672656300.0,off,{1: 1},55.0,2.0,operating,21212.44019270617,-0.0,load coverage,0.0,False,55.0,True,0.10971010152863336,0.12548482774355463,0.0,0.0,True,0.5356670921105361,0.0,0.46402212921544755,True,True,0.3004721628383481,-0.10971010152863336,-0.03806513863354477,False,86.72931469505211,operating,discharging,operating,20556.729030985498,3275.1983037754785,24487.63849648165,0.0,7.01e-05
2023-01-02 11:00:00,1672657200.0,off,{1: 1},55.0,2.0,operating,19634.739273257637,-0.0,load coverage,0.0,False,55.0,True,0.10971010152863336,0.12548482774355463,0.0,0.0,True,0.554739769437259,0.0,0.42950992160251084,True,True,0.319544840165071,-0.10971010152863336,0.015519746306114857,False,84.43478802138625,operating,discharging,operating,21212.44019270617,5724.7930438742005,25359.532317131838,0.0,6.63e-05
2023-01-02 11:15:00,1672658100.0,off,{1: 1},55.0,2.0,operating,20407.227669342923,-0.0,load coverage,0.0,False,55.0,True,0.10971010152863336,0.12548482774355463,0.0,0.0,True,0.5707818052372734,0.0,0.4464081052668764,True,True,0.3355868759650854,-0.10971010152863336,0.014663598441763681,False,82.31091954686461,operating,discharging,operating,19634.739273257637,5685.654855789571,26092.882525132496,0.0,6.63e-05
2023-01-02 11:30:00,1672659000.0,off,{1: 1},55.0,2.0,operating,20999.53921251932,-0.0,load coverage,0.0,False,55.0,True,0.10971010152863336,0.12548482774355463,0.0,0.0,True,0.583064567160261,0.0,0.45936492027386006,True,True,0.347869637888073,-0.10971010152863336,0.013989545357767641,False,80.10349183946771,operating,discharging,operating,20407.227669342923,5654.841000521185,26654.380213040506,0.0,6.63e-05
2023-01-02 11:45:00,1672659900.0,off,{1: 1},55.0,2.0,operating,21472.485503041782,-0.0,load coverage,0.0,False,55.0,True,0.10971010152863336,0.12548482774355463,0.0,0.0,True,0.5928564258540754,0.0,0.4697106203790389,True,True,0.3576614965818874,-0.10971010152863336,0.013435703946403144,False,77.8319944341675,operating,discharging,operating,20999.53921251932,5629.522536001668,27102.00803904345,0.0,6.63e-05
2023-01-02 12:00:00,1672660800.0,off,{1: 1},55.0,2.0,operating,21855.55307537387,-0.0,load coverage,0.0,False,55.0,True,0.10971010152863336,0.12548482774355463,0.0,0.0,True,0.6044472254951679,0.0,0.4780902235238035,True,True,0.36925229622297995,-0.10971010152863336,0.016646900442731094,False,75.50933894102089,operating,discharging,operating,21472.485503041782,5776.32009011952,27631.87316549339,0.0,6.45e-05
2023-01-02 12:15:00,1672661700.0,off,{1: 1},55.0,2.0,operating,22397.88714043142,-0.0,load coverage,0.0,False,55.0,True,0.10971010152863336,0.12548482774355463,0.0,0.0,True,0.6158626070136437,0.0,0.4899537811969373,True,True,0.3806676777414557,-0.10971010152863336,0.016198724288073008,False,73.14524744359814,operating,discharging,operating,21855.55307537387,5755.832037335147,28153.71917776657,0.0,6.45e-05
2023-01-02 12:30:00,1672662600.0,off,{1: 1},55.0,2.0,operating,22689.55684797775,-0.0,load coverage,0.0,False,55.0,True,0.10971010152863336,0.12548482774355463,0.0,0.0,True,0.6218309995221669,0.0,0.4963340560495133,True,True,0.3866360702499789,-0.10971010152863336,0.015786841944020247,False,70.72249225793361,operating,discharging,operating,22397.88714043142,5737.003130178451,28426.5599781562,0.0,6.45e-05
2023-01-02 12:45:00,1672663500.0,off,{1: 1},55.0,2.0,operating,22851.26883966116,-0.0,load coverage,0.0,False,55.0,True,0.10971010152863336,0.12548482774355463,0.0,0.0,True,0.6249801631592676,0.0,0.49987150586758783,True,True,0.38978523388707964,-0.10971010152863336,0.015398555763046384,False,68.26818747600456,operating,discharging,operating,22689.55684797775,5719.252904762504,28570.521744423662,0.0,6.45e-05
2023-01-02 13:00:00,1672664400.0,off,{1: 1},55.0,2.0,operating,-50000.0,0.0,price forecast,0.0,False,55.0,True,0.10971010152863336,0.12548482774355463,0.0,0.0,True,0.6241934472583593,1.640729219467965,0.5961386151282361,True,True,-1.2517307014817938,-0.10971010152863336,-0.08165526939851009,False,65.79639048313709,operating,discharging,operating,22851.26883966116,3529.7932704180257,28534.55758895357,0.0,4.7e-05
2023-01-02 13:15:00,1672665300.0,off,{1: 1},55.0,2.0,operating,-50000.0,0.0,price forecast,0.0,False,55.0,True,0.10971010152863336,0.12548482774355463,0.0,0.0,True,0.6213319064411473,1.6380010637974374,0.5934074168117947,True,True,-1.2518640866284783,-0.10971010152863336,-0.08178561189928069,False,70.81201548313709,operating,charging,operating,-50000.0,3523.695663712452,28403.74429445245,0.0,4.7e-05
2023-01-02 13:30:00,1672666200.0,off,{1: 1},55.0,2.0,operating,-50000.0,0.0,price forecast,0.0,False,55.0,True,0.10971010152863336,0.12548482774355463,0.0,0.0,True,0.6176465096454425,1.634446649398226,0.5898751472922235,True,True,-1.2519950690249715,-0.10971010152863336,-0.08193873917541428,False,75.82764048313709,operating,charging,operating,-50000.0,3517.7078970156217,28235.26901236309,0.0,4.7e-05
2023-01-02 13:45:00,1672667100.0,off,{1: 1},55.0,2.0,operating,-50000.0,0.0,price forecast,0.0,False,55.0,True,0.10971010152863336,0.12548482774355463,0.0,0.0,True,0.6136082522119407,1.6305355128839174,0.5859988932808953,True,True,-1.2521221899441648,-0.10971010152863336,-0.08210074259758793,False,80.84326548313709,operating,charging,operating,-50000.0,3511.896654995344,28050.66295826015,0.0,4.7e-05
2023-01-02 14:00:00,1672668000.0,off,{1: 1},55.0,2.0,operating,-50000.0,0.0,price forecast,0.0,False,55.0,True,0.10971010152863336,0.12548482774355463,0.0,0.0,True,0.6142329834832866,1.6711177416760903,0.6009753294662151,True,True,-1.2920796874649918,-0.10971010152863336,-0.0964524475115619,False,85.85889048313709,operating,charging,operating,-50000.0,1685.268196900405,28079.22210209311,0.0,4.2e-05
2023-01-02 14:15:00,1672668900.0,off,{1: 1},55.0,2.0,operating,-50000.0,0.0,price forecast,0.0,False,55.0,True,0.10971010152863336,0.12548482774355463,0.0,0.0,True,0.6100340961153874,1.6669556781732526,0.5968478064311994,True,True,-1.2921165113300535,-0.10971010152863336,-0.09652381184444536,False,90.87451548313709,operating,charging,operating,-50000.0,1683.5848202118807,27887.27296527485,0.0,4.2e-05
2023-01-02 14:30:00,1672669800.0,off,{1: 1},55.0,2.0,operating,-50000.0,0.0,price forecast,0.0,False,55.0,True,0.10971010152863336,0.12548482774355463,0.0,0.0,True,0.606674346336275,1.663626524425598,0.5935456854803196,True,True,-1.2921471073615112,-0.10971010152863336,-0.09658144067267793,False,95.89014048313709,operating,charging,operating,-50000.0,1682.1861444880963,27733.684403944007,0.0,4.2e-05
2023-01-02 14:45:00,1672670700.0,off,{1: 1},55.0,2.0,standby,0.0,0.0,no action,0.0,False,55.0,True,0.10971010152863336,0.12548482774355463,0.0,0.0,True,0.6024532808886408,0.565675894495457,0.565675894495457,True,True,-0.19841754287900415,-0.10971010152863336,-0.07293271513544952,False,100.0,operating,charging,operating,-50000.0,1681.2519494026897,27540.72141205215,0.0,4.2e-05
2023-01-02 15:00:00,1672671600.0,off,{1: 1},55.0,2.0,standby,0.0,0.0,no action,0.0,False,55.0,True,0.10971010152863336,0.12548482774355463,0.0,0.0,True,0.5994684426925693,0.5946812717571451,0.594681271757145,True,True,-0.23040775833676386,-0.10971010152863336,-0.10492293059320912,False,100.0,operating,standby,operating,0.0,218.8420999051085,27404.271665946024,0.0,4.8299999999999995e-05
2023-01-02 15:15:00,1672672500.0,off,{1: 1},55.0,2.0,standby,0.0,0.0,no action,0.0,False,55.0,True,0.10971010152863336,0.12548482774355463,0.0,0.0,True,0.597989902682651,0.59316292410907,0.59316292410907,True,True,-0.23036795069860705,-0.10971010152863336,-0.10488312295505242,False,100.0,operating,standby,operating,0.0,220.66187764941532,27336.681265492614,0.0,4.8299999999999995e-05
2023-01-02 15:30:00,1672673400.0,off,{1: 1},55.0,2.0,standby,0.0,0.0,no action,0.0,False,55.0,True,0.10971010152863336,0.12548482774355463,0.0,0.0,True,0.5984334002980362,0.5935105985963514,0.5935105985963512,True,True,-0.2302721275705032,-0.10971010152863336,-0.10478729982694845,False,100.0,operating,standby,operating,0.0,225.0423635055934,27356.95544219594,0.0,4.8299999999999995e-05
2023-01-02 15:45:00,1672674300.0,off,{1: 1},55.0,2.0,standby,0.0,0.0,no action,0.0,False,55.0,True,0.10971010152863336,0.12548482774355463,0.0,0.0,True,0.5998512307821496,0.594732887213593,0.5947328872135931,True,True,-0.23007658570363132,-0.10971010152863336,-0.1045917579600768,False,100.0,operating,standby,operating,0.0,233.98142027687408,27421.770550041125,0.0,4.8299999999999995e-05
2023-01-02 16:00:00,1672675200.0,off,{1: 1},55.0,2.0,standby,0.0,0.0,no action,0.0,False,55.0,True,0.10971010152863336,0.12548482774355463,0.0,0.0,True,0.6005880249393601,0.6005880249393601,0.6005880249393601,True,True,-0.235194929272188,-0.10971010152863336,-0.10971010152863336,False,100.0,operating,standby,operating,0.0,0.0,27455.452568656463,0.0,5.1899999999999994e-05
2023-01-02 16:15:00,1672676100.0,off,{1: 1},55.0,2.0,standby,0.0,0.0,no action,0.0,False,55.0,True,0.10971010152863336,0.12548482774355463,0.0,0.0,True,0.6076285544509059,0.6076285544509058,0.6076285544509059,True,True,-0.23519492927218788,-0.10971010152863336,-0.10971010152863336,False,100.0,operating,standby,operating,0.0,0.0,27777.305346327128,0.0,5.1899999999999994e-05
2023-01-02 16:30:00,1672677000.0,off,{1: 1},55.0,2.0,standby,0.0,0.0,no action,0.0,False,55.0,True,0.10971010152863336,0.12548482774355463,0.0,0.0,True,0.6157388167729291,0.6157388167729291,0.6157388167729291,True,True,-0.235194929272188,-0.10971010152863336,-0.10971010152863336,False,100.0,operating,standby,operating,0.0,0.0,28148.0601953339,0.0,5.1899999999999994e-05
2023-01-02 16:45:00,1672677900.0,off,{1: 1},55.0,2.0,standby,0.0,0.0,no action,0.0,False,55.0,True,0.10971010152863336,0.12548482774355463,0.0,0.0,True,0.628854417616502,0.628854417616502,0.628854417616502,True,True,-0.235194929272188,-0.10971010152863336,-0.10971010152863336,False,100.0,operating,standby,operating,0.0,0.0,28747.63051961152,0.0,5.1899999999999994e-05
2023-01-02 17:00:00,1672678800.0,off,{1: 1},55.0,2.0,standby,0.0,0.0,no action,0.0,False,55.0,True,0.10971010152863336,0.12548482774355463,0.0,0.0,True,0.6399816640672317,0.6399816640672317,0.6399816640672317,True,True,-0.235194929272188,-0.10971010152863336,-0.10971010152863336,False,100.0,operating,standby,operating,0.0,0.0,29256.30464307345,0.0,5.6e-05
2023-01-02 17:15:00,1672679700.0,off,{1: 1},55.0,2.0,standby,0.0,0.0,no action,0.0,False,55.0,True,0.10971010152863336,0.12548482774355463,0.0,0.0,True,0.655276140999745,0.655276140999745,0.655276140999745,True,True,-0.235194929272188,-0.10971010152863336,-0.10971010152863336,False,100.0,operating,standby,operating,0.0,0.0,29955.480731416912,0.0,5.6e-05
2023-01-02 17:30:00,1672680600.0,off,{1: 1},55.0,2.0,standby,0.0,0.0,no action,0.0,False,55.0,True,0.10971010152863336,0.12548482774355463,0.0,0.0,True,0.6700899126478058,0.6700899126478058,0.6700899126478058,True,True,-0.235194929272188,-0.10971010152863336,-0.10971010152863336,False,100.0,operating,standby,operating,0.0,0.0,30632.681721042554,0.0,5.6e-05
2023-01-02 17:45:00,1672681500.0,off,{1: 1},55.0,2.0,standby,0.0,0.0,no action,0.0,False,55.0,True,0.10971010152863336,0.12548482774355463,0.0,0.0,True,0.6804213838421166,0.6804213838421166,0.6804213838421166,True,True,-0.235194929272188,-0.10971010152863336,-0.10971010152863336,False,100.0,operating,standby,operating,0.0,0.0,31104.977547068185,0.0,5.6e-05
2023-01-02 18:00:00,1672682400.0,off,{1: 1},55.0,2.0,operating,31722.681239922415,-0.0,load coverage,0.0,False,55.0,True,0.10971010152863336,0.12548482774355463,0.0,0.0,True,0.6939336521233028,0.0,0.6939336521233028,True,True,0.45873872285111483,-0.10971010152863336,-0.10971010152863336,False,100.0,operating,standby,operating,0.0,0.0,31722.681239922415,0.0,6.929999999999999e-05
2023-01-02 18:15:00,1672683300.0,off,{1: 1},55.0,2.0,operating,32033.050390986147,-0.0,load coverage,0.0,False,55.0,True,0.10971010152863336,0.12548482774355463,0.0,0.0,True,0.700722977302822,0.0,0.700722977302822,True,True,0.46552804803063397,-0.10971010152863336,-0.10971010152863336,False,96.56859193926073,operating,discharging,operating,31722.681239922415,0.0,32033.050390986147,0.0,6.929999999999999e-05
2023-01-02 18:30:00,1672684200.0,off,{1: 1},55.0,2.0,operating,32350.97276963303,-0.0,load coverage,0.0,False,55.0,True,0.10971010152863336,0.12548482774355463,0.0,0.0,True,0.7076775293357225,0.0,0.7076775293357225,True,True,0.4724826000635345,-0.10971010152863336,-0.10971010152863336,False,93.103611583711,operating,discharging,operating,32033.050390986147,0.0,32350.97276963303,0.0,6.929999999999999e-05
2023-01-02 18:45:00,1672685100.0,off,{1: 1},55.0,2.0,operating,32579.88684099829,-0.0,load coverage,0.0,False,55.0,True,0.10971010152863336,0.12548482774355463,0.0,0.0,True,0.7126850246468376,0.0,0.7126850246468376,True,True,0.4774900953746496,-0.10971010152863336,-0.10971010152863336,False,89.60424190890646,operating,discharging,operating,32350.97276963303,0.0,32579.88684099829,0.0,6.929999999999999e-05
2023-01-02 19:00:00,1672686000.0,off,{1: 1},55.0,2.0,operating,32696.716377532342,-0.0,load coverage,0.0,False,55.0,True,0.10971010152863336,0.12548482774355463,0.0,0.0,True,0.7152406707585199,0.0,0.7152406707585199,True,True,0.48004574148633194,-0.10971010152863336,-0.10971010152863336,False,86.08011084701239,operating,discharging,operating,32579.88684099829,0.0,32696.716377532342,0.0,6.95e-05
2023-01-02 19:15:00,1672686900.0,off,{1: 1},55.0,2.0,operating,32414.44900143512,-0.0,load coverage,0.0,False,55.0,True,0.10971010152863336,0.12548482774355463,0.0,0.0,True,0.7090660719063933,0.0,0.7090660719063933,True,True,0.47387114263420527,-0.10971010152863336,-0.10971010152863336,False,82.54334246072688,operating,discharging,operating,32696.716377532342,0.0,32414.44900143512,0.0,6.95e-05
2023-01-02 19:30:00,1672687800.0,off,{1: 1},55.0,2.0,operating,32016.75603858461,-0.0,load coverage,0.0,False,55.0,True,0.10971010152863336,0.12548482774355463,0.0,0.0,True,0.7003665383440384,0.0,0.7003665383440384,True,True,0.4651716090718504,-0.10971010152863336,-0.10971010152863336,False,79.03710663069971,operating,discharging,operating,32414.44900143512,0.0,32016.75603858461,0.0,6.95e-05
2023-01-02 19:45:00,1672688700.0,off,{1: 1},55.0,2.0,operating,31499.651947241822,-0.0,load coverage,0.0,False,55.0,True,0.10971010152863336,0.12548482774355463,0.0,0.0,True,0.6890548863459148,0.0,0.6890548863459148,True,True,0.45385995707372684,-0.10971010152863336,-0.10971010152863336,False,75.57388881759563,operating,discharging,operating,32016.75603858461,0.0,31499.651947241822,0.0,6.95e-05
2023-01-02 20:00:00,1672689600.0,off,{1: 1},55.0,2.0,operating,30987.83222764333,-0.0,load coverage,0.0,False,55.0,True,0.10971010152863336,0.12548482774355463,0.0,0.0,True,0.6778588299796978,0.0,0.6778588299796978,True,True,0.4426639007075098,-0.10971010152863336,-0.10971010152863336,False,72.16660559381125,operating,discharging,operating,31499.651947241822,0.0,30987.83222764333,0.0,6.22e-05
2023-01-02 20:15:00,1672690500.0,off,{1: 1},55.0,2.0,operating,30277.737192222,-0.0,load coverage,0.0,False,55.0,True,0.10971010152863336,0.12548482774355463,0.0,0.0,True,0.6623255010798562,0.0,0.6623255010798562,True,True,0.4271305718076682,-0.10971010152863336,-0.10971010152863336,False,68.81468535458019,operating,discharging,operating,30987.83222764333,0.0,30277.737192222,0.0,6.22e-05
2023-01-02 20:30:00,1672691400.0,off,{1: 1},55.0,2.0,operating,29624.08979042325,-0.0,load coverage,0.0,False,55.0,True,0.10971010152863336,0.12548482774355463,0.0,0.0,True,0.6480269641655086,0.0,0.6480269641655086,True,True,0.41283203489332065,-0.10971010152863336,-0.10971010152863336,False,65.53957532599958,operating,discharging,operating,30277.737192222,0.0,29624.08979042325,0.0,6.22e-05
2023-01-02 20:45:00,1672692300.0,off,{1: 1},55.0,2.0,operating,28988.21149408926,-0.0,load coverage,0.0,False,55.0,True,0.10971010152863336,0.12548482774355463,0.0,0.0,True,0.6341171264332026,0.0,0.6341171264332026,True,True,0.3989221971610146,-0.10971010152863336,-0.10971010152863336,False,62.33516962869696,operating,discharging,operating,29624.08979042325,0.0,28988.21149408926,0.0,6.22e-05
2023-01-02 21:00:00,1672693200.0,off,{1: 1},55.0,2.0,operating,28451.31785338237,-0.0,load coverage,0.0,False,55.0,True,0.10971010152863336,0.12548482774355463,0.0,0.0,True,0.6223725780427394,0.0,0.6223725780427394,True,True,0.3871776487705514,-0.10971010152863336,-0.10971010152863336,False,59.19954619778561,operating,discharging,operating,28988.21149408926,0.0,28451.31785338237,0.0,4.62e-05
2023-01-02 21:15:00,1672694100.0,off,{1: 1},55.0,2.0,operating,27704.511185972548,-0.0,load coverage,0.0,False,55.0,True,0.10971010152863336,0.12548482774355463,0.0,0.0,True,0.6060361821931495,0.0,0.6060361821931495,True,True,0.3708412529209615,-0.10971010152863336,-0.10971010152863336,False,56.121997970308286,operating,discharging,operating,28451.31785338237,0.0,27704.511185972548,0.0,4.62e-05
2023-01-02 21:30:00,1672695000.0,off,{1: 1},55.0,2.0,operating,26895.849014352072,-0.0,load coverage,0.0,False,55.0,True,0.10971010152863336,0.12548482774355463,0.0,0.0,True,0.5883466971889516,0.0,0.5883466971889516,True,True,0.3531517679167636,-0.10971010152863336,-0.10971010152863336,False,53.1252310109395,operating,discharging,operating,27704.511185972548,0.0,26895.849014352072,0.0,4.62e-05
2023-01-02 21:45:00,1672695900.0,off,{1: 1},55.0,2.0,operating,26164.058899200605,-0.0,load coverage,0.0,False,55.0,True,0.10971010152863336,0.12548482774355463,0.0,0.0,True,0.5723387884200132,0.0,0.5723387884200132,True,True,0.3371438591478252,-0.10971010152863336,-0.10971010152863336,False,50.215936162554236,operating,discharging,operating,26895.849014352072,0.0,26164.058899200605,0.0,4.62e-05
2023-01-02 22:00:00,1672696800.0,off,{1: 1},55.0,2.0,operating,25901.5127668485,-0.0,load coverage,0.0,False,55.0,True,0.10971010152863336,0.12548482774355463,0.0,0.0,True,0.5665955917748109,0.0,0.5665955917748109,True,True,0.3314006625026229,-0.10971010152863336,-0.10971010152863336,False,47.385798258088954,operating,discharging,operating,26164.058899200605,0.0,25901.5127668485,0.0,4.6299999999999994e-05
2023-01-02 22:15:00,1672697700.0,off,{1: 1},55.0,2.0,operating,25174.355209388217,-0.0,load coverage,0.0,False,55.0,True,0.10971010152863336,0.12548482774355463,0.0,0.0,True,0.5506890202053673,0.0,0.5506890202053673,True,True,0.31549409093317926,-0.10971010152863336,-0.10971010152863336,False,44.58405968431251,operating,discharging,operating,25901.5127668485,0.0,25174.355209388217,0.0,4.6299999999999994e-05
2023-01-02 22:30:00,1672698600.0,off,{1: 1},55.0,2.0,operating,24348.714699189542,-0.0,load coverage,0.0,False,55.0,True,0.10971010152863336,0.12548482774355463,0.0,0.0,True,0.5326281340447713,0.0,0.5326281340447713,True,True,0.2974332047725833,-0.10971010152863336,-0.10971010152863336,False,41.860976955709596,operating,discharging,operating,25174.355209388217,0.0,24348.714699189542,0.0,4.6299999999999994e-05
2023-01-02 22:45:00,1672699500.0,off,{1: 1},55.0,2.0,operating,23480.79476174397,-0.0,load coverage,0.0,False,55.0,True,0.10971010152863336,0.12548482774355463,0.0,0.0,True,0.5136423854131493,0.0,0.5136423854131493,True,True,0.27844745614096134,-0.10971010152863336,-0.10971010152863336,False,39.22720286657954,operating,discharging,operating,24348.714699189542,0.0,23480.79476174397,0.0,4.6299999999999994e-05
2023-01-02 23:00:00,1672700400.0,off,{1: 1},55.0,2.0,operating,22578.46352467599,-0.0,load coverage,0.0,False,55.0,True,0.10971010152863336,0.12548482774355463,0.0,0.0,True,0.49390388960228726,0.0,0.49390388960228726,True,True,0.25870896033009927,-0.10971010152863336,-0.10971010152863336,False,36.68731073676126,operating,discharging,operating,23480.79476174397,0.0,22578.46352467599,0.0,3.29e-05
2023-01-02 23:15:00,1672701300.0,off,{1: 1},55.0,2.0,operating,21715.91751451685,-0.0,load coverage,0.0,False,55.0,True,0.10971010152863336,0.12548482774355463,0.0,0.0,True,0.47503569563005604,0.0,0.47503569563005604,True,True,0.23984076635786805,-0.10971010152863336,-0.10971010152863331,False,34.24502279925304,operating,discharging,operating,22578.46352467599,0.0,21715.91751451685,0.0,3.29e-05
2023-01-02 23:30:00,1672702200.0,off,{1: 1},55.0,2.0,operating,20849.278438782207,-0.0,load coverage,0.0,False,55.0,True,0.10971010152863336,0.12548482774355463,0.0,0.0,True,0.45607796584836074,0.0,0.45607796584836074,True,True,0.22088303657617275,-0.10971010152863336,-0.10971010152863342,False,31.89603552916425,operating,discharging,operating,21715.91751451685,0.0,20849.278438782207,0.0,3.29e-05
2023-01-02 23:45:00,1672703100.0,off,{1: 1},55.0,2.0,operating,20052.731343194908,-0.0,load coverage,0.0,False,55.0,True,0.10971010152863336,0.12548482774355463,0.0,0.0,True,0.43865349813238863,0.0,0.43865349813238863,True,True,0.20345856886020064,-0.10971010152863336,-0.10971010152863336,False,29.640791668963683,operating,discharging,operating,20849.278438782207,0.0,20052.731343194908,0.0,3.29e-05
2023-01-03 00:00:00,1672704000.0,off,{1: 1},55.0,2.0,operating,-50000.0,0.0,price forecast,0.0,False,55.0,True,0.10971010152863336,0.12548482774355463,0.0,0.0,True,0.4316289389012948,1.5253789389012948,0.4316289389012948,True,True,-1.328944929272188,-0.10971010152863336,-0.10971010152863331,False,27.471709445097844,operating,discharging,operating,20052.731343194908,0.0,19731.608635487763,0.0,-7e-07
2023-01-03 00:15:00,1672704900.0,off,{1: 1},55.0,2.0,operating,-50000.0,0.0,price forecast,0.0,False,55.0,True,0.10971010152863336,0.12548482774355463,0.0,0.0,True,0.41568093186460914,1.509430931864609,0.41568093186460914,True,True,-1.328944929272188,-0.10971010152863336,-0.10971010152863342,False,32.487334445097844,operating,charging,operating,-50000.0,0.0,19002.556885239275,0.0,-7e-07
2023-01-03 00:30:00,1672705800.0,off,{1: 1},55.0,2.0,operating,-50000.0,0.0,price forecast,0.0,False,55.0,True,0.10971010152863336,0.12548482774355463,0.0,0.0,True,0.4059691104533723,1.4997191104533723,0.4059691104533723,True,True,-1.3289449292721882,-0.10971010152863336,-0.10971010152863342,False,37.502959445097844,operating,charging,operating,-50000.0,0.0,18558.58790643987,0.0,-7e-07
2023-01-03 00:45:00,1672706700.0,off,{1: 1},55.0,2.0,operating,-50000.0,0.0,price forecast,0.0,False,55.0,True,0.10971010152863336,0.12548482774355463,0.0,0.0,True,0.39261216192152576,1.4863621619215257,0.39261216192152576,True,True,-1.328944929272188,-0.10971010152863336,-0.10971010152863342,False,42.518584445097844,operating,charging,operating,-50000.0,0.0,17947.984544984032,0.0,-7e-07
2023-01-03 01:00:00,1672707600.0,off,{1: 1},55.0,2.0,operating,-50000.0,0.0,price forecast,0.0,False,55.0,True,0.10971010152863336,0.12548482774355463,0.0,0.0,True,0.37882814175514223,1.4725781417551422,0.37882814175514223,True,True,-1.328944929272188,-0.10971010152863336,-0.10971010152863336,False,47.534209445097844,operating,charging,operating,-50000.0,0.0,17317.857908806498,0.0,-1.3e-06
2023-01-03 01:15:00,1672708500.0,off,{1: 1},55.0,2.0,operating,-50000.0,0.0,price forecast,0.0,False,55.0,True,0.10971010152863336,0.12548482774355463,0.0,0.0,True,0.36733752900396105,1.461087529003961,0.36733752900396105,True,True,-1.328944929272188,-0.10971010152863336,-0.10971010152863336,False,52.549834445097844,operating,charging,operating,-50000.0,0.0,16792.572754466797,0.0,-1.3e-06
2023-01-03 01:30:00,1672709400.0,off,{1: 1},55.0,2.0,operating,-50000.0,0.0,price forecast,0.0,False,55.0,True,0.10971010152863336,0.12548482774355463,0.0,0.0,True,0.356773336967611,1.450523336967611,0.356773336967611,True,True,-1.3289449292721882,-0.10971010152863336,-0.10971010152863336,False,57.565459445097844,operating,charging,operating,-50000.0,0.0,16309.638261376498,0.0,-1.3e-06
2023-01-03 01:45:00,1672710300.0,off,{1: 1},55.0,2.0,operating,-50000.0,0.0,price forecast,0.0,False,55.0,True,0.10971010152863336,0.12548482774355463,0.0,0.0,True,0.34799204791124433,1.4417420479112444,0.34799204791124433,True,True,-1.328944929272188,-0.10971010152863336,-0.10971010152863336,False,62.581084445097844,operating,charging,operating,-50000.0,0.0,15908.207904514024,0.0,-1.3e-06
2023-01-03 02:00:00,1672711200.0,off,{1: 1},55.0,2.0,operating,-50000.0,0.0,price forecast,0.0,False,55.0,True,0.10971010152863336,0.12548482774355463,0.0,0.0,True,0.3393536893793951,1.4331036893793951,0.3393536893793951,True,True,-1.3289449292721882,-0.10971010152863336,-0.10971010152863336,False,67.59670944509784,operating,charging,operating,-50000.0,0.0,15513.311514486628,0.0,-9.9e-07
2023-01-03 02:15:00,1672712100.0,off,{1: 1},55.0,2.0,operating,-50000.0,0.0,price forecast,0.0,False,55.0,True,0.10971010152863336,0.12548482774355463,0.0,0.0,True,0.33209199371024006,1.42584199371024,0.33209199371024006,True,True,-1.328944929272188,-0.10971010152863336,-0.10971010152863336,False,72.61233444509784,operating,charging,operating,-50000.0,0.0,15181.348283896692,0.0,-9.9e-07
2023-01-03 02:30:00,1672713000.0,off,{1: 1},55.0,2.0,operating,-50000.0,0.0,price forecast,0.0,False,55.0,True,0.10971010152863336,0.12548482774355463,0.0,0.0,True,0.32592605595942986,1.41967605595943,0.32592605595942986,True,True,-1.328944929272188,-0.10971010152863336,-0.10971010152863336,False,77.62795944509784,operating,charging,operating,-50000.0,0.0,14899.47684385965,0.0,-9.9e-07
2023-01-03 02:45:00,1672713900.0,off,{1: 1},55.0,2.0,operating,-50000.0,0.0,price forecast,0.0,False,55.0,True,0.10971010152863336,0.12548482774355463,0.0,0.0,True,0.32063871364919255,1.4143887136491926,0.32063871364919255,True,True,-1.3289449292721882,-0.10971010152863336,-0.10971010152863336,False,82.64358444509784,operating,charging,operating,-50000.0,0.0,14657.769766820227,0.0,-9.9e-07
2023-01-03 03:00:00,1672714800.0,off,{1: 1},55.0,2.0,operating,-50000.0,0.0,price forecast,0.0,False,55.0,True,0.10971010152863336,0.12548482774355463,0.0,0.0,True,0.31605538859160637,1.4098053885916064,0.31605538859160637,True,True,-1.328944929272188,-0.10971010152863336,-0.10971010152863336,False,87.65920944509784,operating,charging,operating,-50000.0,0.0,14448.246335616295,0.0,-1.8e-06
2023-01-03 03:15:00,1672715700.0,off,{1: 1},55.0,2.0,operating,-50000.0,0.0,price forecast,0.0,False,55.0,True,0.10971010152863336,0.12548482774355463,0.0,0.0,True,0.31245992366681735,1.406209923666817,0.31245992366681735,True,True,-1.328944929272188,-0.10971010152863336,-0.10971010152863336,False,92.67483444509784,operating,charging,operating,-50000.0,0.0,14283.882224768797,0.0,-1.8e-06
2023-01-03 03:30:00,1672716600.0,off,{1: 1},55.0,2.0,operating,-50000.0,0.0,price forecast,0.0,False,55.0,True,0.10971010152863336,0.12548482774355463,0.0,0.0,True,0.3096716050645893,1.4034216050645894,0.3096716050645893,True,True,-1.328944929272188,-0.10971010152863336,-0.10971010152863336,False,97.69045944509784,operating,charging,operating,-50000.0,0.0,14156.416231524085,0.0,-1.8e-06
2023-01-03 03:45:00,1672717500.0,off,{1: 1},55.0,2.0,standby,0.0,0.0,no action,0.0,False,55.0,True,0.10971010152863336,0.12548482774355463,0.0,0.0,True,0.30745094475715773,0.30745094475715773,0.30745094475715773,True,True,-0.235194929272188,-0.10971010152863336,-0.10971010152863336,False,100.0,operating,charging,operating,-50000.0,0.0,14054.900331755782,0.0,-1.8e-06
2023-01-03 04:00:00,1672718400.0,off,{1: 1},55.0,2.0,standby,0.0,0.0,no action,0.0,False,55.0,True,0.10971010152863336,0.12548482774355463,0.0,0.0,True,0.3055812080551036,0.3055812080551036,0.3055812080551036,True,True,-0.235194929272188,-0.10971010152863336,-0.10971010152863336,False,100.0,operating,standby,operating,0.0,0.0,13969.426653947592,0.0,-1.6999999999999998e-06
2023-01-03 04:15:00,1672719300.0,off,{1: 1},55.0,2.0,standby,0.0,0.0,no action,0.0,False,55.0,True,0.10971010152863336,0.12548482774355463,0.0,0.0,True,0.3045340893535838,0.3045340893535838,0.3045340893535838,True,True,-0.23519492927218794,-0.10971010152863336,-0.10971010152863336,False,100.0,operating,standby,operating,0.0,0.0,13921.558370449544,0.0,-1.6999999999999998e-06
2023-01-03 04:30:00,1672720200.0,off,{1: 1},55.0,2.0,standby,0.0,0.0,no action,0.0,False,55.0,True,0.10971010152863336,0.12548482774355463,0.0,0.0,True,0.3039329418766268,0.3039329418766268,0.3039329418766268,True,True,-0.235194929272188,-0.10971010152863336,-0.10971010152863336,False,100.0,operating,standby,operating,0.0,0.0,13894.07734293151,0.0,-1.6999999999999998e-06
2023-01-03 04:45:00,1672721100.0,off,{1: 1},55.0,2.0,standby,0.0,0.0,no action,0.0,False,55.0,True,0.10971010152863336,0.12548482774355463,0.0,0.0,True,0.3045239905772395,0.3045239905772395,0.3045239905772395,True,True,-0.23519492927218794,-0.10971010152863336,-0.10971010152863336,False,100.0,operating,standby,operating,0.0,0.0,13921.096712102377,0.0,-1.6999999999999998e-06
2023-01-03 05:00:00,1672722000.0,off,{1: 1},55.0,2.0,standby,0.0,0.0,no action,0.0,False,55.0,True,0.10971010152863336,0.12548482774355463,0.0,0.0,True,0.3061828534236358,0.3061828534236358,0.3061828534236358,True,True,-0.235194929272188,-0.10971010152863336,-0.10971010152863336,False,100.0,operating,standby,operating,0.0,0.0,13996.930442223353,0.0,0.0
